125,7637.207999999999629,1086.782782433012471,364.094673774328271
126,7637.207999999999629,1094.029732610937117,363.659743185357684
127,7637.207999999999629,1101.284242037018885,363.234156704417330
128,7637.207999999999629,1108.467308388928586,362.808522192470889
129,7637.207999999999629,1115.816233219567948,362.365531293622041
130,7637.207999999999629,1123.071467387781922,361.975982230743909
131,7637.207999999999629,1130.312240511921345,361.539672804061865
132,7637.207999999999629,1137.650517657510591,361.150030283076887
133,7637.207999999999629,1144.835806197044121,360.702202756055499
134,7637.207999999999629,1152.120302883153499,360.272363717860742
135,7637.207999999999629,1159.361050343980423,359.909757984504665
136,7637.207999999999629,1166.684599768094813,359.504732921933169
137,7637.207999999999629,1173.932303812185410,359.108411938526444
138,7637.207999999999629,1181.219765896121544,358.665532990424140
139,7637.207999999999629,1188.523439403297743,358.310176047104164
140,7637.207999999999629,1195.712187962281632,357.922071401746734
141,7637.207999999999629,1203.031744867784028,357.540363702640263
142,7637.207999999999629,1210.248022981494159,357.130616077128082
143,7637.207999999999629,1217.518853267590202,356.721986902576987
144,7637.207999999999629,1224.810960296534176,356.328498906886693
145,7637.207999999999629,1232.060761065304632,355.954387474801877
146,7637.207999999999629,1239.341912615814636,355.610798650008803
147,7637.207999999999629,1246.616541232624513,355.250153604960133
148,7637.207999999999629,1253.866204893544136,354.875973995992410
149,7637.207999999999629,1261.068024186633465,354.487356280367806
125,7950.362000000000080,1089.046288992962218,856.016809279154472
126,7950.362000000000080,1096.307336215470741,855.578720533895648
127,7950.362000000000080,1103.551094099457487,855.154782542903263
128,7950.362000000000080,1110.746559627643137,854.726195515382642
129,7950.362000000000080,1118.105034367941016,854.293102925370249
130,7950.362000000000080,1125.331371578343578,853.905724694645528
131,7950.362000000000080,1132.576909234782534,853.464997368705326
132,7950.362000000000080,1139.907139420797876,853.060736456167319
133,7950.362000000000080,1147.071241738469325,852.620503339226048
134,7950.362000000000080,1154.324882671900014,852.175357396603090
135,7950.362000000000080,1161.573295357120514,851.814330903588143
136,7950.362000000000080,1168.885759512559162,851.413933541803431
137,7950.362000000000080,1176.138913805584934,850.999973234663798
138,7950.362000000000080,1183.394272913205214,850.553534613589250
139,7950.362000000000080,1190.703203599043491,850.203676374350493
140,7950.362000000000080,1197.881645318650726,849.797035047247846
141,7950.362000000000080,1205.186064131328976,849.418446873764879
142,7950.362000000000080,1212.400166414095793,849.018445316656653
143,7950.362000000000080,1219.653195179025261,848.610871514470887
144,7950.362000000000080,1226.962406450211802,848.210853022684432
145,7950.362000000000080,1234.186642939031344,847.848280377556534
146,7950.362000000000080,1241.462421334545297,847.506798320611097
147,7950.362000000000080,1248.733106797269784,847.130910294128398
148,7950.362000000000080,1255.976967363856147,846.761284809907124
149,7950.362000000000080,1263.145202350482577,846.390106332431287
125,8008.359000000000378,1089.494434484600788,947.936656531654648
126,8008.359000000000378,1096.748837766768474,947.497971930337485
127,8008.359000000000378,1103.991057425412919,947.072462855086883
128,8008.359000000000378,1111.187469023031326,946.641655918985407
129,8008.359000000000378,1118.542291622024095,946.207918789955784
130,8008.359000000000378,1125.764673720561177,945.815024368260879
131,8008.359000000000378,1133.016550476383600,945.372100739720395
132,8008.359000000000378,1140.341418809115339,944.968427757921404
133,8008.359000000000378,1147.502737467682209,944.529161109967504
134,8008.359000000000378,1154.745980718467763,944.081866214626416
135,8008.359000000000378,1162.001711598384190,943.719767508963628
136,8008.359000000000378,1169.310730689197953,943.318895044078999
137,8008.359000000000378,1176.567628308033818,942.904215709666687
138,8008.359000000000378,1183.817922637387937,942.455634397256745
139,8008.359000000000378,1191.125958717605045,942.107902043510762
140,8008.359000000000378,1198.302086680161210,941.694062674151724
141,8008.359000000000378,1205.607167163164377,941.317110805081825
142,8008.359000000000378,1212.816993481022564,940.910885974616008
143,8008.359000000000378,1220.070619611503389,940.510602797796651
144,8008.359000000000378,1227.376200881233899,940.106878133391774
145,8008.359000000000378,1234.598562197121510,939.743555093955024
146,8008.359000000000378,1241.869835738080610,939.394815113797108
147,8008.359000000000378,1249.137918725672080,939.016155482191493
148,8008.359000000000378,1256.379335967910492,938.647914307908195
149,8008.359000000000378,1263.544369639564820,938.276076706351660
125,8016.989999999999782,1089.560371331637043,961.636453296068112
126,8016.989999999999782,1096.813798275018598,961.197594485325794
127,8016.989999999999782,1104.055754740821158,960.771960767983046
128,8016.989999999999782,1111.252338069103871,960.340771841290234
129,8016.989999999999782,1118.606518846700737,959.906837470041182
130,8016.989999999999782,1125.828390361967195,959.513106187105109
131,8016.989999999999782,1133.081173226239343,959.069840797218035
132,8016.989999999999782,1140.405231263589258,958.666206775532942
133,8016.989999999999782,1147.566189012482255,958.227028407835064
134,8016.989999999999782,1154.807988974067939,957.779424183350784
135,8016.989999999999782,1162.064732487568108,957.417116749002048
136,8016.989999999999782,1169.373293721517939,957.016108170483903
137,8016.989999999999782,1176.630638031817398,956.601307705541899
138,8016.989999999999782,1183.880229574618852,956.152405644951045
139,8016.989999999999782,1191.188140428605266,955.804845361277444
140,8016.989999999999782,1198.363918761098603,955.390070471172976
141,8016.989999999999782,1205.669111901224824,955.013220529377350
142,8016.989999999999782,1212.878244158655207,954.606029088008881
143,8016.989999999999782,1220.132047058345961,954.206712276835333
144,8016.989999999999782,1227.436933702162833,953.802437473799387
145,8016.989999999999782,1234.659142770172593,953.438952630354265
146,8016.989999999999782,1241.929722094525459,953.089126574224338
147,8016.989999999999782,1249.197390994461557,952.710088568437754
148,8016.989999999999782,1256.438449526411887,952.341992779739599
149,8016.989999999999782,1263.603081614694247,951.969999182705237
125,8426.962999999999738,1092.008967415569714,1618.690248411402536
126,8426.962999999999738,1099.243185841632112,1618.220780117509548
127,8426.962999999999738,1106.465784013098300,1617.798599330611069
128,8426.962999999999738,1113.677805464614494,1617.337273239518254
129,8426.962999999999738,1120.995660762449006,1616.867088613124452
130,8426.962999999999738,1128.211209321148772,1616.445337343879146
131,8426.962999999999738,1135.478632670077332,1615.980298710023362
132,8426.962999999999738,1142.780411206153758,1615.553263608603856
133,8426.962999999999738,1149.936008831002027,1615.096313794052321
134,8426.962999999999738,1157.149520858171400,1614.631678834449986
135,8426.962999999999738,1164.422113563477751,1614.241142282449573
136,8426.962999999999738,1171.723102878406053,1613.816399689297441
137,8426.962999999999738,1178.972189657749368,1613.378501191552914
138,8426.962999999999738,1186.201297135084587,1612.912471248230077
139,8426.962999999999738,1193.511351737138057,1612.531407044783691
140,8426.962999999999738,1200.671677561989554,1612.107720174682981
141,8426.962999999999738,1207.978794314394918,1611.696052505015359
142,8426.962999999999738,1215.161400325078375,1611.252455531880287
143,8426.962999999999738,1222.427684474677790,1610.842622917339895
144,8426.962999999999738,1229.688763411587161,1610.416466753535815
145,8426.962999999999738,1236.923833461842833,1610.031981913477011
146,8426.962999999999738,1244.172945288528581,1609.648353482702532
147,8426.962999999999738,1251.422042684741200,1609.248782279450779
148,8426.962999999999738,1258.648597305648309,1608.867402750101746
149,8426.962999999999738,1265.812827781482611,1608.478945542505244
125,8523.782999999999447,1092.277610003633981,1775.865017300845921
126,8523.782999999999447,1099.514199052536924,1775.385678455717198
127,8523.782999999999447,1106.732832341028825,1774.956031717332962
128,8523.782999999999447,1113.948468855605825,1774.485601956716209
129,8523.782999999999447,1121.262113451019104,1774.002011033595181
130,8523.782999999999447,1128.478395792178844,1773.577011617344624
131,8523.782999999999447,1135.742359103601984,1773.103983222046736
132,8523.782999999999447,1143.046066487701182,1772.665902371387574
133,8523.782999999999447,1150.201987546945702,1772.198563281614952
134,8523.782999999999447,1157.416133211565239,1771.727759385197942
135,8523.782999999999447,1164.687469004263903,1771.325558198464478
136,8523.782999999999447,1171.987690244633995,1770.891871020756071
137,8523.782999999999447,1179.233381631572229,1770.442692622280902
138,8523.782999999999447,1186.459984356272116,1769.970454827578578
139,8523.782999999999447,1193.772755468481591,1769.575875730036387
140,8523.782999999999447,1200.930841702098178,1769.151239019844070
141,8523.782999999999447,1208.237659406423973,1768.726322843072012
142,8523.782999999999447,1215.420881103942975,1768.277712144355064
143,8523.782999999999447,1222.686129473219125,1767.853270469524659
144,8523.782999999999447,1229.943720235138699,1767.421760766927946
145,8523.782999999999447,1237.180595462957854,1767.028824457897827
146,8523.782999999999447,1244.431252335333511,1766.641422901386477
147,8523.782999999999447,1251.678292940015353,1766.232343678638699
148,8523.782999999999447,1258.902042978630334,1765.843580141890698
149,8523.782999999999447,1266.069684598450294,1765.449479029328131
126,8670.325000000000728,1099.626214655496369,2015.023347591548145
127,8670.325000000000728,1106.841443508542170,2014.570536146238737
133,8670.325000000000728,1150.317382305105866,2011.722064100005127
134,8670.325000000000728,1157.532568194071700,2011.239645433056467
135,8670.325000000000728,1164.803586039907486,2010.818172912264345
136,8670.325000000000728,1172.101403815767526,2010.369793580299529
137,8670.325000000000728,1179.347446415702962,2009.901116441199520
141,8670.325000000000728,1208.352897651989451,2008.128082884091100
142,8670.325000000000728,1215.542609701904894,2007.671921635212584
144,8670.325000000000728,1230.064911373691530,2006.782368771137499
125,9125.470999999999549,1090.298069802058080,2776.797314001627456
126,9125.470999999999549,1097.548736124486140,2776.267737432533067
127,9125.470999999999549,1104.770313361718536,2775.729394213594787
128,9125.470999999999549,1112.014650940325964,2775.201836293837005
129,9125.470999999999549,1119.356387733579595,2774.649838406619892
130,9125.470999999999549,1126.580881218160812,2774.170880825199674
131,9125.470999999999549,1133.850326910600188,2773.609410211440718
132,9125.470999999999549,1141.174770362000118,2773.130107838730055
133,9125.470999999999549,1148.347158413152329,2772.582121314730102
134,9125.470999999999549,1155.571057134194234,2772.052010528283063
135,9125.470999999999549,1162.847139164919327,2771.591918414415431
136,9125.470999999999549,1170.151132221491252,2771.088207298189900
137,9125.470999999999549,1177.429562055629731,2770.571073238377721
138,9125.470999999999549,1184.661895660211030,2770.031446780103124
139,9125.470999999999549,1191.992172864987651,2769.585798297646761
140,9125.470999999999549,1199.170223758792872,2769.089673721888175
141,9125.470999999999549,1206.494536042155460,2768.606592754478243
142,9125.470999999999549,1213.698368085409811,2768.105027720593625
143,9125.470999999999549,1220.975019088417866,2767.614675061078742
144,9125.470999999999549,1228.281400423483774,2767.110499785551838
145,9125.470999999999549,1235.497205546468649,2766.666600749126701
146,9125.470999999999549,1242.790762031337636,2766.211046431287286
147,9125.470999999999549,1250.043339766948066,2765.742951044603615
148,9125.470999999999549,1257.288780988258623,2765.288139242354191
149,9125.470999999999549,1264.458779416258949,2764.826063526497819
125,9227.030000000000655,1089.390792950338891,2950.878832267334019
126,9227.030000000000655,1096.646377982329113,2950.336592357019526
127,9227.030000000000655,1103.869808517861884,2949.803732740116629
128,9227.030000000000655,1111.126711229820330,2949.266387456154916
129,9227.030000000000655,1118.473669847330939,2948.708033931269256
130,9227.030000000000655,1125.705494752958884,2948.210994976536767
131,9227.030000000000655,1132.983740564542813,2947.631691865985886
132,9227.030000000000655,1140.303154205010060,2947.152599511363405
133,9227.030000000000655,1147.485322224033098,2946.594473854822354
134,9227.030000000000655,1154.720504755561933,2946.053755204464323
135,9227.030000000000655,1161.990608746832322,2945.595228958357438
136,9227.030000000000655,1169.306961328662737,2945.076632033273654
137,9227.030000000000655,1176.587478799105611,2944.556203864347026
138,9227.030000000000655,1183.828422440204349,2944.005053553315065
139,9227.030000000000655,1191.160819537513134,2943.549338168040322
140,9227.030000000000655,1198.348814685860589,2943.048507835643704
141,9227.030000000000655,1205.679888536511271,2942.550831026059768
142,9227.030000000000655,1212.874407269629273,2942.034605440899668
143,9227.030000000000655,1220.174101024505262,2941.538087520742010
144,9227.030000000000655,1227.481256063024375,2941.016581697865604
145,9227.030000000000655,1234.702670101644799,2940.570379210725150
146,9227.030000000000655,1241.999792897112911,2940.094180716784194
147,9227.030000000000655,1249.253443269106810,2939.633015152754979
148,9227.030000000000655,1256.515435077826851,2939.161640914090185
149,9227.030000000000655,1263.679288920394583,2938.681382689978363
125,9660.434999999999491,1084.852137714645551,3713.643978796919782
126,9660.434999999999491,1092.146846566130989,3713.029437060793498
127,9660.434999999999491,1099.388387834878586,3712.599602994356246
128,9660.434999999999491,1106.667245958472677,3712.026601273892084
129,9660.434999999999491,1114.028906195518857,3711.448831303587212
130,9660.434999999999491,1121.307927813484639,3710.902586550449087
131,9660.434999999999491,1128.593425741813462,3710.294896889251959
132,9660.434999999999491,1135.909580401463700,3709.794682972362352
133,9660.434999999999491,1143.139336330098331,3709.228298594938678
134,9660.434999999999491,1150.445758650363814,3708.650260438102578
135,9660.434999999999491,1157.683102272063252,3708.203981166164795
136,9660.434999999999491,1165.069604013000117,3707.647175931714628
137,9660.434999999999491,1172.322128668816504,3707.124082900598296
138,9660.434999999999491,1179.610981465349596,3706.551697915615932
139,9660.434999999999491,1186.944619326816110,3706.036500587315004
140,9660.434999999999491,1194.167967689889792,3705.579504625722620
141,9660.434999999999491,1201.530803503633251,3705.007273925803474
142,9660.434999999999491,1208.691173397533476,3704.459574941855863
143,9660.434999999999491,1216.085572822405993,3703.924261239199950
144,9660.434999999999491,1223.366991403331667,3703.372301534574035
145,9660.434999999999491,1230.655549240038454,3702.919862331147669
146,9660.434999999999491,1237.948932866511086,3702.396698303047287
147,9660.434999999999491,1245.226861082448750,3701.984719769291587
148,9660.434999999999491,1252.543359583329220,3701.463981059022444
149,9660.434999999999491,1259.713202694754500,3700.932114033932521
127,9787.185999999999694,1098.300610672415132,3941.534085762312316
128,9787.185999999999694,1105.514275869674748,3940.960870730259103
131,9787.185999999999694,1127.436371468776542,3939.269137358023272
132,9787.185999999999694,1134.806182606291486,3938.742291990241938
135,9787.185999999999694,1156.588234151607594,3937.115590749105650
136,9787.185999999999694,1163.945057739572803,3936.584326856921962
137,9787.185999999999694,1171.232755106220793,3936.041577658455026
140,9787.185999999999694,1193.054808191122220,3934.478562719243655
141,9787.185999999999694,1200.429820565769205,3933.939375719141026
144,9787.185999999999694,1222.313901487665589,3932.355238376413581
145,9787.185999999999694,1229.582194696562055,3931.874994760863046
146,9787.185999999999694,1236.889898283144248,3931.372231987032592
149,9787.185999999999694,1258.692614568547697,3929.902678775526056
132,7440.946899999999914,1136.646859868352294,57.250194063852774
136,7440.946899999999914,1165.640110203310996,55.632555684000799
127,7490.933500000000095,1100.504832753191977,136.367735072412273
130,7490.933500000000095,1122.232710335563979,135.053909186549987
136,7490.933500000000095,1165.870357405018240,132.644870791714027
137,7490.933500000000095,1173.191566587794796,132.283659589313572
140,7490.933500000000095,1194.955017982399113,131.052408296733148
142,7490.933500000000095,1209.522018603650167,130.248993684898750
145,7490.933500000000095,1231.319094855593903,129.138444453136231
146,7490.933500000000095,1238.580209446288109,128.714401876929287
147,7490.933500000000095,1245.849048967267890,128.338248821964584
125,7537.848799999999756,1086.270306124654553,209.786140638954095
126,7537.848799999999756,1093.454912058060472,209.368993027958282
127,7537.848799999999756,1100.723376606487136,208.900736576309981
128,7537.848799999999756,1107.886189670697604,208.475134158134495
129,7537.848799999999756,1115.220837395289664,208.031232870835424
130,7537.848799999999756,1122.478508146519744,207.609618433333480
131,7537.848799999999756,1129.755411389589426,207.167966935032723
132,7537.848799999999756,1137.079485375111290,206.810138690347372
133,7537.848799999999756,1144.267786419754430,206.365023888532107
134,7537.848799999999756,1151.513604118626972,205.941006553527586
135,7537.848799999999756,1158.803591922987380,205.575435228949630
136,7537.848799999999756,1166.109651668577726,205.172776796269630
137,7537.848799999999756,1173.395837711934973,204.797089593211524
138,7537.848799999999756,1180.689067093363519,204.345125159592953
139,7537.848799999999756,1187.978781166762928,204.022415856702224
140,7537.848799999999756,1195.169492939324755,203.587629873806890
141,7537.848799999999756,1202.512256304958782,203.239156559145556
142,7537.848799999999756,1209.722251784855644,202.786457076170763
143,7537.848799999999756,1217.000402459323595,202.440200525637096
144,7537.848799999999756,1224.281104453655416,202.033212134765932
145,7537.848799999999756,1231.529037630073617,201.644823374983957
146,7537.848799999999756,1238.798747264768963,201.256605029559324
147,7537.848799999999756,1246.069917994958587,200.889456981700874
148,7537.848799999999756,1253.310560332909290,200.528308672866700
149,7537.848799999999756,1260.529567004965884,200.121328383935293
125,7546.121100000000297,1086.306577507980137,222.595651278343070
126,7546.121100000000297,1093.498402119422735,222.176266573478557
127,7546.121100000000297,1100.765247364551897,221.713445318533815
128,7546.121100000000297,1107.930422633343369,221.287787469914321
129,7546.121100000000297,1115.266408589538059,220.843738732715877
130,7546.121100000000297,1122.524264942152058,220.425824024988174
131,7546.121100000000297,1129.796834221638392,219.984847382107944
132,7546.121100000000297,1137.122558763657025,219.623377666972203
133,7546.121100000000297,1144.310849217440818,219.177812205870822
134,7546.121100000000297,1151.561778121364341,218.753320289931793
135,7546.121100000000297,1158.845693095383240,218.388066515850426
136,7546.121100000000297,1166.154090151439732,217.984964883331628
137,7546.121100000000297,1173.435411294327423,217.607075237377614
138,7546.121100000000297,1180.728412646929655,217.156251300735278
139,7546.121100000000297,1188.019720960972563,216.829352121261593
140,7546.121100000000297,1195.210304358657595,216.400618086423833
141,7546.121100000000297,1202.550519726011999,216.047902522140163
142,7546.121100000000297,1209.761056131381565,215.600067409510501
143,7546.121100000000297,1217.038816520114551,215.246272633015792
144,7546.121100000000297,1224.320267297938244,214.840954126479573
145,7546.121100000000297,1231.569006713180215,214.454087107824677
146,7546.121100000000297,1238.840008290083915,214.071075324732504
147,7546.121100000000297,1246.111548831635446,213.705038169243579
148,7546.121100000000297,1253.353368059832519,213.342192131523660
149,7546.121100000000297,1260.570801523405180,212.937082708019943
125,7945.365399999999681,1089.007412458104909,848.108920077733160
126,7945.365399999999681,1096.269022519146574,847.670839305929576
127,7945.365399999999681,1103.512895758428385,847.247093503069209
128,7945.365399999999681,1110.708294142972818,846.818669240967324
129,7945.365399999999681,1118.067023427098547,846.385578012920291
130,7945.365399999999681,1125.293743136664716,845.998656453623994
131,7945.365399999999681,1132.538726215514544,845.558109250975690
132,7945.365399999999681,1139.869403496350287,845.153779709933929
133,7945.365399999999681,1147.033774578463181,844.713436060737877
134,7945.365399999999681,1154.288355935130994,844.268482315161918
135,7945.365399999999681,1161.536108870051976,843.907522872506888
136,7945.365399999999681,1168.848896104220330,843.507131614479022
137,7945.365399999999681,1176.101675521490733,843.093231928311070
138,7945.365399999999681,1183.357498062078776,842.646975329311545
139,7945.365399999999681,1190.666506398107686,842.296863010676589
140,7945.365399999999681,1197.845143954592231,841.890905858655856
141,7945.365399999999681,1205.149518616811747,841.512106777619579
142,7945.365399999999681,1212.363951027838084,841.112607082367504
143,7945.365399999999681,1219.616981555197526,840.704358734948187
144,7945.365399999999681,1226.926413449971051,840.304656263331822
145,7945.365399999999681,1234.150881727511660,839.942119498079592
146,7945.365399999999681,1241.427028520870408,839.601246420877942
147,7945.365399999999681,1248.697920791407796,839.225616937806763
148,7945.365399999999681,1255.941992720107692,838.855842826746766
149,7945.365399999999681,1263.110545070142507,838.484685712648229
125,8368.045500000000175,1091.775312994432170,1523.455159001360016
126,8368.045500000000175,1099.008880214986220,1522.991749977943073
127,8368.045500000000175,1106.234362419766512,1522.571283598718082
128,8368.045500000000175,1113.443914730370807,1522.115312709014233
129,8368.045500000000175,1120.765750658133811,1521.652825822298610
130,8368.045500000000175,1127.980897221103760,1521.233383976489449
131,8368.045500000000175,1135.249647063009888,1520.772478334818516
132,8368.045500000000175,1142.551638218650623,1520.351620601636569
133,8368.045500000000175,1149.707134709689626,1519.899961748070382
134,8368.045500000000175,1156.920831849571414,1519.438529313820027
135,8368.045500000000175,1164.194054604649409,1519.054318675755439
136,8368.045500000000175,1171.495294429542582,1518.634611206429781
137,8368.045500000000175,1178.747234846373658,1518.202599511433846
138,8368.045500000000175,1185.978139787092232,1517.739707354723578
139,8368.045500000000175,1193.286843926152414,1517.366824836865817
140,8368.045500000000175,1200.448951410997097,1516.942586824877026
141,8368.045500000000175,1207.756274151395473,1516.539010700381141
142,8368.045500000000175,1214.940159281555452,1516.098911487327996
143,8368.045500000000175,1222.205943145517040,1515.696720948954862
144,8368.045500000000175,1229.471438333821652,1515.273477824530801
145,8368.045500000000175,1236.704363268661382,1514.893552834126012
146,8368.045500000000175,1243.953988157638832,1514.512516938068302
147,8368.045500000000175,1251.204944837840003,1514.117512267722077
148,8368.045500000000175,1258.433347907000098,1513.740094752331743
149,8368.045500000000175,1265.595865512684441,1513.354729910648075
125,8378.661000000000058,1091.821104443103877,1540.592319890726003
126,8378.661000000000058,1099.054728729905264,1540.127827858536648
127,8378.661000000000058,1106.279672400489517,1539.707190718965876
128,8378.661000000000058,1113.489680725529979,1539.250269188374659
129,8378.661000000000058,1120.810729105685141,1538.786432232796415
130,8378.661000000000058,1128.025938585155927,1538.366543932699415
131,8378.661000000000058,1135.294510221470546,1537.904929734570032
132,8378.661000000000058,1142.596380269355450,1537.483004542398021
133,8378.661000000000058,1149.751886622530492,1537.030455151339766
134,8378.661000000000058,1156.965499225457961,1536.568474291982056
135,8378.661000000000058,1164.238635255577265,1536.183174092973104
136,8378.661000000000058,1171.539834938474314,1535.762586551682489
137,8378.661000000000058,1178.791240293893452,1535.329575837658467
138,8378.661000000000058,1186.021803563427284,1534.866149164624630
139,8378.661000000000058,1193.330730227194408,1534.491818090598827
140,8378.661000000000058,1200.492497225257694,1534.067713659654601
141,8378.661000000000058,1207.799787180474141,1533.662699481689970
142,8378.661000000000058,1214.983350217260522,1533.221934639537039
143,8378.661000000000058,1222.249286771952939,1532.818466388282332
144,8378.661000000000058,1229.513872633836854,1532.394708871323701
145,8378.661000000000058,1236.747228567332058,1532.013997906480654
146,8378.661000000000058,1243.996679897600416,1531.632461439047802
147,8378.661000000000058,1251.247269354224954,1531.236700001895088
148,8378.661000000000058,1258.475334087476313,1530.858604213567560
149,8378.661000000000058,1265.638131957703308,1530.472698629351044
125,8379.909299999999348,1091.826384863946942,1542.608139579601357
126,8379.909299999999348,1099.060017749878625,1542.143519821358268
127,8379.909299999999348,1106.284898561626051,1541.722858854669994
128,8379.909299999999348,1113.494960239255533,1541.265825085376946
129,8379.909299999999348,1120.815917936470669,1540.801828202333581
130,8379.909299999999348,1128.031135165611659,1540.381888378265330
131,8379.909299999999348,1135.299683938699218,1539.920189862018788
132,8379.909299999999348,1142.601542164966986,1539.498137693897206
133,8379.909299999999348,1149.757049956601350,1539.045481728224331
134,8379.909299999999348,1156.970654290280436,1538.583435578961826
135,8379.909299999999348,1164.243779154631056,1538.198005752142535
136,8379.909299999999348,1171.544974056285355,1537.777313891660469
137,8379.909299999999348,1178.796316859202307,1537.344183868426171
138,8379.909299999999348,1186.026840496532486,1536.880693501476344
139,8379.909299999999348,1193.335793962529351,1536.506191117835670
140,8379.909299999999348,1200.497521448580301,1536.082101704039587
141,8379.909299999999348,1207.804807373125641,1535.676917630014259
142,8379.909299999999348,1214.988335141682455,1535.236075624447722
143,8379.909299999999348,1222.254287886529937,1534.832453986101200
144,8379.909299999999348,1229.518769923606897,1534.408635759345998
145,8379.909299999999348,1236.752175412244924,1534.027831320666337
146,8379.909299999999348,1244.001608657330280,1533.646237104659804
147,8379.909299999999348,1251.252155836963084,1533.250384819405099
148,8379.909299999999348,1258.480180923210582,1532.872208182606528
149,8379.909299999999348,1265.643012640639881,1532.486238554900183
125,8419.472700000000259,1091.982088401623969,1606.566174809401900
126,8419.472700000000259,1099.216182137719670,1606.097480733945758
127,8419.472700000000259,1106.439131058999010,1605.675626829909106
128,8419.472700000000259,1113.650848028704331,1605.214991374441979
129,8419.472700000000259,1120.969154314761226,1604.745810713178344
130,8419.472700000000259,1128.184646284202927,1604.324332555596811
131,8419.472700000000259,1135.452280446223085,1603.859847500839123
132,8419.472700000000259,1142.754024586365176,1603.433628854779727
133,8419.472700000000259,1149.909603862252879,1602.977397862403677
134,8419.472700000000259,1157.123105275841226,1602.513192088681762
135,8419.472700000000259,1164.395793900537683,1602.123496199044439
136,8419.472700000000259,1171.696820603120614,1601.699413110622572
137,8419.472700000000259,1178.946249220994787,1601.262308056122038
138,8419.472700000000259,1186.175572493694972,1600.796701328185691
139,8419.472700000000259,1193.485440578908083,1600.416691339772115
140,8419.472700000000259,1200.645977462445671,1599.992966749693323
141,8419.472700000000259,1207.953122494990112,1599.582337833502606
142,8419.472700000000259,1215.135821602131045,1599.139160963776931
143,8419.472700000000259,1222.402089861596778,1598.730368226835481
144,8419.472700000000259,1229.663641136289698,1598.304592110856447
145,8419.472700000000259,1236.898475320080706,1597.920713198471276
146,8419.472700000000259,1244.147591120317884,1597.537392649536059
147,8419.472700000000259,1251.396900169532501,1597.138452511451078
148,8419.472700000000259,1258.623685431393824,1596.757602066776599
149,8419.472700000000259,1265.787678484654407,1596.369550793445796
125,8420.739799999999377,1091.986694585329360,1608.616802955883031
126,8420.739799999999377,1099.220808646829937,1608.147977920492167
127,8420.739799999999377,1106.443697864034903,1607.726071075832351
128,8420.739799999999377,1113.655466560182958,1607.265318966955647
129,8420.739799999999377,1120.973695371679014,1606.795968925517172
130,8420.739799999999377,1128.189196844067510,1606.374444210692673
131,8420.739799999999377,1135.456796112597885,1605.909866112169311
132,8420.739799999999377,1142.758544838268335,1605.483509903545837
133,8420.739799999999377,1149.914127125065534,1605.027158229336919
134,8420.739799999999377,1157.127629747031278,1604.562880317323561
135,8420.739799999999377,1164.400302357366627,1604.173042926292283
136,8420.739799999999377,1171.701322893183715,1603.748848643433121
137,8420.739799999999377,1178.950693119584457,1603.311610251873162
138,8420.739799999999377,1186.179979643033221,1602.845932457140862
139,8420.739799999999377,1193.489878998258519,1602.465744285606206
140,8420.739799999999377,1200.650379839983998,1602.042026908334492
141,8420.739799999999377,1207.957520100105967,1601.631222351420320
142,8420.739799999999377,1215.140202022788571,1601.187973967647167
143,8420.739799999999377,1222.406473959880941,1600.779006553060754
144,8420.739799999999377,1229.667943415118543,1600.353166393947731
145,8420.739799999999377,1236.902818339306123,1599.969185501438687
146,8420.739799999999377,1244.151932208355220,1599.585812517588465
147,8420.739799999999377,1251.401204935157466,1599.186766678610411
148,8420.739799999999377,1258.627951079493641,1598.805827216040370
149,8420.739799999999377,1265.791983938034718,1598.417707547921964
125,8465.682399999999689,1092.134241992314628,1681.442575738779624
126,8465.682399999999689,1099.369261687931839,1680.969115130815453
127,8465.682399999999689,1106.590138384164902,1680.544689782463820
128,8465.682399999999689,1113.803680309795936,1680.079757318718293
129,8465.682399999999689,1121.119481782269077,1679.604291515996465
130,8465.682399999999689,1128.335331429554572,1679.181196196724386
131,8465.682399999999689,1135.601509609396771,1678.713154247004013
132,8465.682399999999689,1142.903739335390583,1678.281789688048320
133,8465.682399999999689,1150.059449922107888,1677.820921537648019
134,8465.682399999999689,1157.273129420747637,1677.353960211960157
135,8465.682399999999689,1164.545198763844382,1676.958925018873288
136,8465.682399999999689,1171.845951699204306,1676.530693649399609
137,8465.682399999999689,1179.093423917614928,1676.088500576850038
138,8465.682399999999689,1186.321468730562856,1675.620158242218622
139,8465.682399999999689,1193.632547240929398,1675.233634427232573
140,8465.682399999999689,1200.791863009560302,1674.809923328098876
141,8465.682399999999689,1208.098837181209774,1674.392890620388243
142,8465.682399999999689,1215.281287681201775,1673.947211767161207
143,8465.682399999999689,1222.547429762501451,1673.531755889332999
144,8465.682399999999689,1229.806516449930541,1673.103569335926977
145,8465.682399999999689,1237.042600783583111,1672.715837321583194
146,8465.682399999999689,1244.291977316570183,1672.330678596764528
147,8465.682399999999689,1251.540099780521359,1671.927604677526233
148,8465.682399999999689,1258.765488215493178,1671.543386363147192
149,8465.682399999999689,1265.931018460834366,1671.152765182460371
125,8497.693199999999706,1092.220009239758838,1733.425708474919475
126,8497.693199999999706,1099.455851486953861,1732.948985022030683
127,8497.693199999999706,1106.675436985160786,1732.521966065213746
128,8497.693199999999706,1113.890161847201398,1732.054014875871644
129,8497.693199999999706,1121.204633373469960,1731.574093612745855
130,8497.693199999999706,1128.420728294857781,1731.149942884132315
131,8497.693199999999706,1135.685723118844635,1730.679228139560792
132,8497.693199999999706,1142.988654938041236,1730.244183382714937
133,8497.693199999999706,1150.144476538423987,1729.779832976477110
134,8497.693199999999706,1157.358394030002501,1729.310807804088199
135,8497.693199999999706,1164.630038595726319,1728.911879015945487
136,8497.693199999999706,1171.930528106951215,1728.480671822057957
137,8497.693199999999706,1179.176908848106905,1728.034703314631997
138,8497.693199999999706,1186.404137472003868,1727.564280979136129
139,8497.693199999999706,1193.716128548497636,1727.173282705609154
140,8497.693199999999706,1200.874721224540508,1726.749211970248780
141,8497.693199999999706,1208.181595994976306,1726.327796794452297
142,8497.693199999999706,1215.364325684095775,1725.880483460673759
143,8497.693199999999706,1222.630072263620832,1725.460135175326059
144,8497.693199999999706,1229.888106913906540,1725.030165681152994
145,8497.693199999999706,1237.124742806487347,1724.639612239913731
146,8497.693199999999706,1244.374695811172160,1724.253224030301908
147,8497.693199999999706,1251.622165400885933,1723.846950581263627
148,8497.693199999999706,1258.846631093890892,1723.460266701981027
149,8497.693199999999706,1266.013307592297224,1723.067765732496127
125,8593.618399999999383,1092.375497804978295,1889.793055935728717
126,8593.618399999999383,1099.614257977213128,1889.306994937852096
127,8593.618399999999383,1106.830838128980304,1888.868024766843973
128,8593.618399999999383,1114.048690386634689,1888.390913630416890
129,8593.618399999999383,1121.361287306696340,1887.897450848746303
130,8593.618399999999383,1128.577977248329489,1887.470074381665654
131,8593.618399999999383,1135.839093637754786,1886.990214433227266
132,8593.618399999999383,1143.145650870757436,1886.544023320966744
133,8593.618399999999383,1150.301876651331895,1886.068096263223651
134,8593.618399999999383,1157.516630382670428,1885.592098204298054
135,8593.618399999999383,1164.787456059725855,1885.180819777471243
136,8593.618399999999383,1172.086706729326806,1884.740282357276783
137,8593.618399999999383,1179.331608422515501,1884.282043499639030
138,8593.618399999999383,1186.556708314951038,1883.804383186954283
139,8593.618399999999383,1193.871682047608374,1883.400706336086387
140,8593.618399999999383,1201.028825541124888,1882.973147381872195
141,8593.618399999999383,1208.335662400080537,1882.539338830922816
142,8593.618399999999383,1215.521275508536519,1882.087268844498567
143,8593.618399999999383,1222.784524844957105,1881.651716308480445
144,8593.618399999999383,1230.042780250947999,1881.215603613220765
145,8593.618399999999383,1237.279309250302958,1880.815980424660211
146,8593.618399999999383,1244.532829164865234,1880.425612330541526
147,8593.618399999999383,1251.779168544982440,1880.008222726811255
148,8593.618399999999383,1259.001230930919746,1879.613623284832784
149,8593.618399999999383,1266.171488837492234,1879.214888929885547
125,8637.019000000000233,1092.393759442071996,1960.849055297667519
126,8637.019000000000233,1099.633880166608606,1960.359066189080067
127,8637.019000000000233,1106.849576306379049,1959.912690857336656
128,8637.019000000000233,1114.068667183024218,1959.431415065038664
129,8637.019000000000233,1121.381465987217780,1958.931871349418316
130,8637.019000000000233,1128.598326412852430,1958.502815080674054
131,8637.019000000000233,1135.857773836619344,1958.018215248933529
132,8637.019000000000233,1143.166551818393600,1957.567132824686496
133,8637.019000000000233,1150.323007112642927,1957.085503667297189
134,8637.019000000000233,1157.538047907925147,1956.605962466068149
135,8637.019000000000233,1164.808874297122657,1956.188916886715333
136,8637.019000000000233,1172.107351205872192,1955.743981775988004
137,8637.019000000000233,1179.352629250631026,1955.279872744585873
138,8637.019000000000233,1186.576931766032203,1954.798415263511515
139,8637.019000000000233,1193.893323967721699,1954.389563402445219
140,8637.019000000000233,1201.050221149908793,1953.959053827021307
141,8637.019000000000233,1208.357245736838195,1953.520165168004496
142,8637.019000000000233,1215.545022943281310,1953.065843518378870
143,8637.019000000000233,1222.806672002385994,1952.623500859494243
144,8637.019000000000233,1230.066667386599875,1952.184105345686930
145,8637.019000000000233,1237.302251759172577,1951.780156693107529
146,8637.019000000000233,1244.558206774313931,1951.387601606200406
147,8637.019000000000233,1251.804421882146016,1950.964556882713623
148,8637.019000000000233,1259.025669242179220,1950.566153532226508
149,8637.019000000000233,1266.197492643931355,1950.164239554168489
125,8656.759899999999107,1092.391020472573928,1993.236203916199202
126,8656.759899999999107,1099.631739834553855,1992.744496994693009
127,8656.759899999999107,1106.847136834368257,1992.294380452358155
128,8656.759899999999107,1114.066766907206556,1991.811211425807414
129,8656.759899999999107,1121.379867565593258,1991.308935751557101
130,8656.759899999999107,1128.596785173038825,1990.879034379941913
131,8656.759899999999107,1135.855536415230745,1990.392148760040300
132,8656.759899999999107,1143.165406432019608,1989.938910409926621
133,8656.759899999999107,1150.321982051010082,1989.454612067451080
134,8656.759899999999107,1157.537117240736052,1988.973381579867919
135,8656.759899999999107,1164.808036701649371,1988.553709146770643
136,8656.759899999999107,1172.106128197155840,1988.106739867446322
137,8656.759899999999107,1179.351809337575560,1987.639927020296000
138,8656.759899999999107,1186.575788712007807,1987.156633309418112
139,8656.759899999999107,1193.892830963676033,1986.745570031943998
140,8656.759899999999107,1201.049710881399278,1986.313419967414120
141,8656.759899999999107,1208.356876473789953,1985.872347749548226
142,8656.759899999999107,1215.545775875878007,1985.416949967282108
143,8656.759899999999107,1222.806646492017308,1984.971596635615469
144,8656.759899999999107,1230.067750399934994,1984.530585843395102
145,8656.759899999999107,1237.302728083679540,1984.124642316437757
146,8656.759899999999107,1244.559938135632137,1983.730969763302710
147,8656.759899999999107,1251.806169761801357,1983.305259714917611
148,8656.759899999999107,1259.027124555272621,1982.905083331320157
149,8656.759899999999107,1266.199624091952273,1982.501635892868762
125,8681.877500000000509,1092.377439689755420,2034.506879380008058
126,8681.877500000000509,1099.618891882543039,2034.013049163320147
127,8681.877500000000509,1106.834001450115693,2033.557867902325142
128,8681.877500000000509,1114.054304855615328,2033.072292816594882
129,8681.877500000000509,1121.367972327053849,2032.566582866169028
130,8681.877500000000509,1128.584947057401223,2032.135515962078671
131,8681.877500000000509,1135.842890223833137,2031.645603138130127
132,8681.877500000000509,1143.154202745843122,2031.189701045160064
133,8681.877500000000509,1150.310950970399062,2030.701948852927217
134,8681.877500000000509,1157.526170937512006,2030.218501072596382
135,8681.877500000000509,1164.797294589315698,2029.795501165143605
136,8681.877500000000509,1172.094875039397721,2029.345913040839378
137,8681.877500000000509,1179.341279393704554,2028.875646382073910
138,8681.877500000000509,1186.564887755138443,2028.389918993739229
139,8681.877500000000509,1193.882757329518654,2027.976178029885887
140,8681.877500000000509,1201.039705913331318,2027.541673260447624
141,8681.877500000000509,1208.347107041425033,2027.097940497692662
142,8681.877500000000509,1215.537534397115451,2026.641111798397105
143,8681.877500000000509,1222.797397774699448,2026.192022885465803
144,8681.877500000000509,1230.060180361560469,2025.748838912839801
145,8681.877500000000509,1237.294236420339530,2025.340342840526773
146,8681.877500000000509,1244.553163179252806,2024.945118124344162
147,8681.877500000000509,1251.799477195690770,2024.515955989510303
148,8681.877500000000509,1259.020143165815398,2024.113484509045520
149,8681.877500000000509,1266.193458254967254,2023.708000360389178
125,8684.306200000000899,1092.375524210868207,2038.501237232491121
126,8684.306200000000899,1099.617045278185287,2038.007205355235101
127,8684.306200000000899,1106.832132552952999,2037.551517524185783
128,8684.306200000000899,1114.052500645594591,2037.065710003367712
129,8684.306200000000899,1121.366233490676677,2036.559670791981716
130,8684.306200000000899,1128.583212947417678,2036.128485310033966
131,8684.306200000000899,1135.841083217369714,2035.638272695904789
132,8684.306200000000899,1143.152537675355234,2035.182118259952176
133,8684.306200000000899,1150.309303939488700,2034.694029024202791
134,8684.306200000000899,1157.524530021199325,2034.210362905314014
135,8684.306200000000899,1164.795678471073188,2033.787042729027235
136,8684.306200000000899,1172.093208651162513,2033.337199541030714
137,8684.306200000000899,1179.339695325651974,2032.866598664301819
138,8684.306200000000899,1186.563270361062678,2032.380630249542946
139,8684.306200000000899,1193.881219822405455,2031.966638581034886
140,8684.306200000000899,1201.038180579734217,2031.531890484897758
141,8684.306200000000899,1208.345607985100969,2031.087907442572941
142,8684.306200000000899,1215.536188181704574,2030.630936276253806
143,8684.306200000000899,1222.795954169340803,2030.181492501205867
144,8684.306200000000899,1230.058914296879493,2029.738091179917774
145,8684.306200000000899,1237.292872779715935,2029.329347792610633
146,8684.306200000000899,1244.551972187080310,2028.933964679107476
147,8684.306200000000899,1251.798297648529797,2028.504465958504852
148,8684.306200000000899,1259.018941075318708,2028.101770187986176
149,8684.306200000000899,1266.192331981838606,2027.696083806826891
125,8774.066399999999703,1092.229684087729993,2186.609104170502633
126,8774.066399999999703,1099.473453276044438,2186.108025592697686
127,8774.066399999999703,1106.688370328318797,2185.631998814753842
128,8774.066399999999703,1113.911198822313281,2185.137636322900562
129,8774.066399999999703,1121.228542547419011,2184.619866141249986
130,8774.066399999999703,1128.445657486002801,2184.183424376932635
131,8774.066399999999703,1135.701652223106976,2183.681261244706548
132,8774.066399999999703,1143.018435181292261,2183.216564571274830
133,8774.066399999999703,1150.176106129579694,2182.715745935951418
134,8774.066399999999703,1157.391350484245322,2182.223558240542388
135,8774.066399999999703,1164.663982787928262,2181.788771869556058
136,8774.066399999999703,1171.959692156546225,2181.329260568678365
137,8774.066399999999703,1179.210668198747726,2180.846445866810882
138,8774.066399999999703,1186.433388279340079,2180.350900899094086
139,8774.066399999999703,1193.754244007460329,2179.928653237798699
140,8774.066399999999703,1200.912382645142316,2179.483123349069501
141,8774.066399999999703,1208.221258255484145,2179.030702016201303
142,8774.066399999999703,1215.417831577752168,2178.567835116130937
143,8774.066399999999703,1222.674336650735540,2178.106230176078952
144,8774.066399999999703,1229.945474946228842,2177.653853236313807
145,8774.066399999999703,1237.174955608523987,2177.236021944928780
146,8774.066399999999703,1244.441103439741710,2176.833603665023475
147,8774.066399999999703,1251.688224398700640,2176.391603368021151
148,8774.066399999999703,1258.908841266080799,2175.980297983118362
149,8774.066399999999703,1266.084544312309845,2175.566418755259292
125,8783.033600000000661,1092.207062867638342,2201.458794997410223
126,8783.033600000000661,1099.451022805370485,2200.957049508410819
127,8783.033600000000661,1106.665988989557491,2200.478867833079676
128,8783.033600000000661,1113.889083336824797,2199.983654847041635
129,8783.033600000000661,1121.206903298695806,2199.464766930097539
130,8783.033600000000661,1128.424034598510389,2199.027694311948835
131,8783.033600000000661,1135.679943301274761,2198.524245674866961
132,8783.033600000000661,1142.997246648887767,2198.058790483597477
133,8783.033600000000661,1150.155040935474062,2197.556681073711843
134,8783.033600000000661,1157.370273268755227,2197.063597547912650
135,8783.033600000000661,1164.643105375260120,2196.627722933198129
136,8783.033600000000661,1171.938652282727389,2196.167218065631914
137,8783.033600000000661,1179.190219127357977,2195.683213675415118
138,8783.033600000000661,1186.412900618142658,2195.186645146550745
139,8783.033600000000661,1193.734039174581994,2194.763676299643976
140,8783.033600000000661,1200.892377040458086,2194.316897496305501
141,8783.033600000000661,1208.201451650361832,2193.863711354944826
142,8783.033600000000661,1215.398632231031797,2193.400178093156683
143,8783.033600000000661,1222.654881181302244,2192.937471981248109
144,8783.033600000000661,1229.926980874971150,2192.484094263694715
145,8783.033600000000661,1237.155940612730774,2192.065371724950637
146,8783.033600000000661,1244.422848657027771,2191.662112379656264
147,8783.033600000000661,1251.670083127773296,2191.218885092581786
148,8783.033600000000661,1258.890797167930486,2190.806681778901293
149,8783.033600000000661,1266.066668781376620,2190.391901628423057
125,8786.165999999999258,1092.198816244212139,2206.648413876274390
126,8786.165999999999258,1099.442841376363276,2206.146436656886181
127,8786.165999999999258,1106.657827345417445,2205.667499357656652
128,8786.165999999999258,1113.881016003761033,2205.171989458537155
129,8786.165999999999258,1121.199006672106407,2204.652713699201286
130,8786.165999999999258,1128.416144162393266,2204.215415709706122
131,8786.165999999999258,1135.672027666638769,2203.711514207672280
132,8786.165999999999258,1142.989511381923421,2203.245798522654695
133,8786.165999999999258,1150.147350517062932,2202.743237845108069
134,8786.165999999999258,1157.362578549125601,2202.249839671864720
135,8786.165999999999258,1164.635482133294090,2201.813588129640721
136,8786.165999999999258,1171.930973864806901,2201.352734906892238
137,8786.165999999999258,1179.182752481545549,2200.868316915029027
138,8786.165999999999258,1186.405422804736190,2200.371388223311442
139,8786.165999999999258,1193.726659741862704,2199.948171564228232
140,8786.165999999999258,1200.885070837406602,2199.500950194276356
141,8786.165999999999258,1208.194217400164689,2199.047499733526365
142,8786.165999999999258,1215.391609195678257,2198.583730014412595
143,8786.165999999999258,1222.647773166558409,2198.120644475395693
144,8786.165999999999258,1229.920213512573355,2197.666912626017165
145,8786.165999999999258,1237.148989097998765,2197.247879961677882
146,8786.165999999999258,1244.416164404231722,2196.844320472561321
147,8786.165999999999258,1251.663439719287908,2196.400666822577932
148,8786.165999999999258,1258.884192573611926,2195.988148041266413
149,8786.165999999999258,1266.060119989226450,2195.573049429522143
125,8856.298000000000684,1091.967654015746803,2323.168190087992116
126,8856.298000000000684,1099.212962619824111,2322.661140197214081
127,8856.298000000000684,1106.428716732663588,2322.165191707705162
128,8856.298000000000684,1113.654282306229334,2321.663056185125697
129,8856.298000000000684,1120.976609059804105,2321.135473819278559
130,8856.298000000000684,1128.193996634601035,2320.692410329282666
131,8856.298000000000684,1135.450015606161287,2320.177871723296903
132,8856.298000000000684,1142.771248455782597,2319.706961677571144
133,8856.298000000000684,1149.930373959981807,2319.194294717585763
134,8856.298000000000684,1157.145567349530893,2318.693642763843400
135,8856.298000000000684,1164.420220299665061,2318.249470761752946
136,8856.298000000000684,1171.714782998901228,2317.780630727715561
137,8856.298000000000684,1178.971931131403835,2317.287291874609764
138,8856.298000000000684,1186.194702636006468,2316.781979678317384
139,8856.298000000000684,1193.518078398325997,2316.353713450542273
140,8856.298000000000684,1200.678634713727206,2315.895880559609395
141,8856.298000000000684,1207.989729971532597,2315.436819784662930
142,8856.298000000000684,1215.191580637722836,2314.967226465483691
143,8856.298000000000684,1222.446623248484912,2314.496368806035207
144,8856.298000000000684,1229.727174554569956,2314.034093241909886
145,8856.298000000000684,1236.951655714650769,2313.608335244527098
146,8856.298000000000684,1244.224965855750725,2313.197165592439887
147,8856.298000000000684,1251.473286746351960,2312.744424034573967
148,8856.298000000000684,1258.695634663016563,2312.324572034244284
149,8856.298000000000684,1265.872354120212322,2311.901813864715677
125,8868.190500000000611,1091.919681238744715,2342.990707579966511
126,8868.190500000000611,1099.165179526307156,2342.482808059218769
127,8868.190500000000611,1106.381118979295252,2341.984018794879830
128,8868.190500000000611,1113.607152011002881,2341.480763250752716
129,8868.190500000000611,1120.930295914943827,2340.951847866577737
130,8868.190500000000611,1128.147757068915098,2340.507663262374535
131,8868.190500000000611,1135.403938252020453,2339.991231086181415
132,8868.190500000000611,1142.725733189948414,2339.519566131242300
133,8868.190500000000611,1149.885139212270815,2339.005194414092784
134,8868.190500000000611,1157.100355361774518,2338.503277732571860
135,8868.190500000000611,1164.375315626369456,2338.057877084789197
136,8868.190500000000611,1171.669798181140777,2337.587644381296286
137,8868.190500000000611,1178.927953172419166,2337.092870840257092
138,8868.190500000000611,1186.150816240872700,2336.586083956479342
139,8868.190500000000611,1193.474541419357820,2336.157042372840806
140,8868.190500000000611,1200.635559630877196,2335.697309798927563
141,8868.190500000000611,1207.947050265275266,2335.237338663303035
142,8868.190500000000611,1215.149576627386750,2334.766652725077620
143,8868.190500000000611,1222.404611696064876,2334.294614328144235
144,8868.190500000000611,1229.686595259415299,2333.830774574408679
145,8868.190500000000611,1236.910341920324299,2333.403928412655659
146,8868.190500000000611,1244.184704962663318,2332.991295313330738
147,8868.190500000000611,1251.433221969445185,2332.537130553130282
148,8868.190500000000611,1258.655990973243661,2332.115978372297832
149,8868.190500000000611,1265.832750831109252,2331.691817312252169
125,8921.949599999999919,1091.671600962084995,2432.837081019637026
126,8921.949599999999919,1098.917901668873355,2432.325304104847419
127,8921.949599999999919,1106.134834914836347,2431.814208544131816
128,8921.949599999999919,1113.363295611170770,2431.305897205686506
129,8921.949599999999919,1120.690332643108832,2430.771246252520996
130,8921.949599999999919,1127.908302187918025,2430.321447457934028
131,8921.949599999999919,1135.165741917104242,2429.796165511733761
132,8921.949599999999919,1142.489708413140534,2429.321558446776180
133,8921.949599999999919,1149.650660751897476,2428.799567719327570
134,8921.949599999999919,1156.866196581434906,2428.291839702959351
135,8921.949599999999919,1164.142467760407953,2427.841387410566767
136,8921.949599999999919,1171.436985291091787,2427.364704470953711
137,8921.949599999999919,1178.699888198313147,2426.863802111010045
138,8921.949599999999919,1185.923480712659739,2426.350207384883561
139,8921.949599999999919,1193.248733234608380,2425.917856725994170
140,8921.949599999999919,1200.412202982170356,2425.449391592255779
141,8921.949599999999919,1207.725715561258994,2424.985337360167705
142,8921.949599999999919,1214.930837669309312,2424.509317535542777
143,8921.949599999999919,1222.186696079874764,2424.032415207826034
144,8921.949599999999919,1229.475146157100880,2423.561105336679702
145,8921.949599999999919,1236.695713635646143,2423.129591197180162
146,8921.949599999999919,1243.974787745197091,2422.709711101321318
147,8921.949599999999919,1251.224224627593685,2422.249720658091974
148,8921.949599999999919,1258.449512455925969,2421.822453030709767
149,8921.949599999999919,1265.626081285985720,2421.391559072874315
125,9222.590000000000146,1089.432991369750880,2943.232444389902412
126,9222.590000000000146,1096.688302600272891,2942.690827434562834
127,9222.590000000000146,1103.911665301100356,2942.157406730324510
128,9222.590000000000146,1111.167962503733406,2941.620491732999199
129,9222.590000000000146,1118.514739324444690,2941.062390398702973
130,9222.590000000000146,1125.746177344336047,2940.566165789869501
131,9222.590000000000146,1133.024027798809584,2939.987611819303311
132,9222.590000000000146,1140.343725830866788,2939.508498310140112
133,9222.590000000000146,1147.525408031075813,2938.950764237828935
134,9222.590000000000146,1154.759975895220123,2938.410493567911999
135,9222.590000000000146,1162.030443626676060,2937.951814229612410
136,9222.590000000000146,1169.346138895152308,2937.433878733919755
137,9222.590000000000146,1176.626683767407940,2936.913528998280526
138,9222.590000000000146,1183.867189925424100,2936.362843068236543
139,9222.590000000000146,1191.199499397153431,2935.907643701728375
140,9222.590000000000146,1198.387033491122338,2935.406836403066791
141,9222.590000000000146,1205.717799958366413,2934.909892834928087
142,9222.590000000000146,1212.912848117433668,2934.394310580580168
143,9222.590000000000146,1220.211361845081910,2933.898085486709078
144,9222.590000000000146,1227.518628490602168,2933.377321310113530
145,9222.590000000000146,1234.739655715410890,2932.931165099135342
146,9222.590000000000146,1242.036685676640900,2932.455872706782884
147,9222.590000000000146,1249.290293174620729,2931.994241693009826
148,9222.590000000000146,1256.551484242321067,2931.523624134077636
149,9222.590000000000146,1263.715627974271456,2931.044179479699778
125,9224.110800000000381,1089.418561239012206,2945.851130632658624
126,9224.110800000000381,1096.673965601459031,2945.309301039225375
127,9224.110800000000381,1103.897351671834031,2944.776069176169131
128,9224.110800000000381,1111.153855792336117,2944.239006812420484
129,9224.110800000000381,1118.500695384575693,2943.680818860755153
130,9224.110800000000381,1125.732265235349587,2943.184315444079402
131,9224.110800000000381,1133.010251125467448,2942.605504452258629
132,9224.110800000000381,1140.329852319207475,2942.126398168561082
133,9224.110800000000381,1147.511700349846706,2941.568529400153238
134,9224.110800000000381,1154.746477486646882,2941.028105104334827
135,9224.110800000000381,1162.016821686669573,2940.569477394722071
136,9224.110800000000381,1169.332740920509195,2940.051315395128313
137,9224.110800000000381,1176.613277707672751,2939.530938156089178
138,9224.110800000000381,1183.853933105439182,2938.980092700199748
139,9224.110800000000381,1191.186272645933286,2938.524717419318222
140,9224.110800000000381,1198.373964445526781,2938.023900236442387
141,9224.110800000000381,1205.704836103557227,2937.526706519229720
142,9224.110800000000381,1212.899704095625793,2937.010903825401783
143,9224.110800000000381,1220.198620361262101,2936.514578765881197
144,9224.110800000000381,1227.505850299216718,2935.993560272685045
145,9224.110800000000381,1234.727008516875230,2935.547387681764576
146,9224.110800000000381,1242.024070936032786,2935.071784811517318
147,9224.110800000000381,1249.277693126249460,2934.610311609999371
148,9224.110800000000381,1256.539157776297543,2934.139435145130392
149,9224.110800000000381,1263.703202329566921,2933.659711924957719
125,9375.879600000000210,1087.875168522762124,3209.173375556656993
126,9375.879600000000210,1095.143314288535066,3208.606631231018127
127,9375.879600000000210,1102.368592758923342,3208.108485163865680
128,9375.879600000000210,1109.646886179035619,3207.556778334961109
129,9375.879600000000210,1116.997526995264252,3206.990949489872492
130,9375.879600000000210,1124.245560459046146,3206.467181436616102
131,9375.879600000000210,1131.535808935940167,3205.865930673413459
132,9375.879600000000210,1138.844004536640568,3205.386718421662863
133,9375.879600000000210,1146.044893348718006,3204.818661681513277
134,9375.879600000000210,1153.306627291068708,3204.263944035835721
135,9375.879600000000210,1160.559796359032589,3203.813789709829962
136,9375.879600000000210,1167.903432417568411,3203.273501748627041
137,9375.879600000000210,1175.176381250907298,3202.753167063940964
138,9375.879600000000210,1182.434688081548074,3202.189213359641599
139,9375.879600000000210,1189.769656504448903,3201.712025242118671
140,9375.879600000000210,1196.973635967699465,3201.220686875647516
141,9375.879600000000210,1204.315318381862880,3200.693747592673390
142,9375.879600000000210,1211.487567800913439,3200.157408073974693
143,9375.879600000000210,1218.833192693880846,3199.648878312901616
144,9375.879600000000210,1226.129456138727619,3199.105081223511661
145,9375.879600000000210,1233.371227809502216,3198.659503529650010
146,9375.879600000000210,1240.668267503755033,3198.154933556890228
147,9375.879600000000210,1247.923817783084587,3197.716347369634150
148,9375.879600000000210,1255.214824078488391,3197.219069871509419
149,9375.879600000000210,1262.369525608039112,3196.712004538000656
125,7589.502499999999600,1086.516792236592892,289.885282165487070
126,7589.502499999999600,1093.739996212867936,289.456633818962189
127,7589.502499999999600,1100.999839549612034,289.016158340714071
128,7589.502499999999600,1108.175206347108087,288.590402293823672
129,7589.502499999999600,1115.517811415841607,288.146331648672913
130,7589.502499999999600,1122.775353651231399,287.744554166667911
131,7589.502499999999600,1130.029425029509866,287.306381842456005
132,7589.502499999999600,1137.362356555887573,286.928992880105284
133,7589.502499999999600,1144.549789612863833,286.481789652181135
134,7589.502499999999600,1151.821424190151220,286.054761155446784
135,7589.502499999999600,1159.079846808576349,285.690942771956486
136,7589.502499999999600,1166.397637666723313,285.286335986398910
137,7589.502499999999600,1173.658832349538216,284.898423858264039
138,7589.502499999999600,1180.949802675516139,284.452343363417128
139,7589.502499999999600,1188.248092342005066,284.108252300112326
140,7589.502499999999600,1195.437893098643144,283.704234552067533
141,7589.502499999999600,1202.766704692033727,283.334068352026691
142,7589.502499999999600,1209.980101721968595,282.907663616122761
143,7589.502499999999600,1217.255018781247600,282.521865029708408
144,7589.502499999999600,1224.541172801903940,282.123560869788719
145,7589.502499999999600,1231.791964744153120,281.743615502172759
146,7589.502499999999600,1239.068701761222201,281.383165159305520
147,7589.502499999999600,1246.341948309776853,281.021070662306158
148,7589.502499999999600,1253.588560605176326,280.651310294173072
149,7589.502499999999600,1260.798178967346303,280.254952032955771
125,7603.638399999999820,1086.592054223515788,311.852045823828291
126,7603.638399999999820,1093.823361708442235,311.421161950427233
127,7603.638399999999820,1101.081397236260727,310.986022538299324
128,7603.638399999999820,1108.259384074949821,310.560285916558144
129,7603.638399999999820,1115.603976806604805,310.116435757259922
130,7603.638399999999820,1122.861017838545877,309.718835012775628
131,7603.638399999999820,1130.110449485367781,309.281335837796632
132,7603.638399999999820,1137.445232122918924,308.899797091547043
133,7603.638399999999820,1144.632140105998360,308.452294361841268
134,7603.638399999999820,1151.908553253374748,308.024431283908996
135,7603.638399999999820,1159.160724636665009,307.661007771869208
136,7603.638399999999820,1166.480662825222680,307.256162802539848
137,7603.638399999999820,1173.737023598375117,306.865495129994315
138,7603.638399999999820,1181.027073176690010,306.420560401150169
139,7603.638399999999820,1188.327185688610825,306.072394022487799
140,7603.638399999999820,1195.516694355888603,305.674182167234221
141,7603.638399999999820,1202.842435629995634,305.299859206382337
142,7603.638399999999820,1210.056732744517603,304.879084241271528
143,7603.638399999999820,1217.330509923793670,304.485304597348829
144,7603.638399999999820,1224.618384526970431,304.088714939490330
145,7603.638399999999820,1231.869180322779357,303.710676080484461
146,7603.638399999999820,1239.147424028094292,303.356014840617490
147,7603.638399999999820,1246.421136170043610,302.994620124673190
148,7603.638399999999820,1253.668868126628922,302.623242614556148
149,7603.638399999999820,1260.876091490490808,302.229372956236944
125,7687.361200000000281,1087.095557961619534,442.338380124860691
126,7687.361200000000281,1094.357888949025437,441.900023550166736
127,7687.361200000000281,1101.608734294551368,441.482258714513080
128,7687.361200000000281,1108.796975273696489,441.056814357357553
129,7687.361200000000281,1116.151243468155826,440.615707810856861
130,7687.361200000000281,1123.402572822726142,440.233966423254344
131,7687.361200000000281,1130.635648228067112,439.798524734895636
132,7687.361200000000281,1137.977003168814463,439.400625681181225
133,7687.361200000000281,1145.159164622088610,438.953133183482407
134,7687.361200000000281,1152.448702092298845,438.520405891402447
135,7687.361200000000281,1159.679793511387743,438.158754777924116
136,7687.361200000000281,1167.005599593184115,437.754199549177940
137,7687.361200000000281,1174.246356266547991,437.351465115210431
138,7687.361200000000281,1181.529166834213356,436.910215330183178
139,7687.361200000000281,1188.836456734167314,436.549351709227267
140,7687.361200000000281,1196.023911603513397,436.168539348586251
141,7687.361200000000281,1203.336714762926476,435.781020220601761
142,7687.361200000000281,1210.555344043995774,435.382433359513698
143,7687.361200000000281,1217.821554775556933,434.960577343744944
144,7687.361200000000281,1225.119855615604592,434.569571476560270
145,7687.361200000000281,1232.366271877500367,434.199966939549995
146,7687.361200000000281,1239.650139636591121,433.866927418203318
147,7687.361200000000281,1246.925624279893555,433.505582380042654
148,7687.361200000000281,1254.176616964051391,433.129408498274131
149,7687.361200000000281,1261.371071229978725,432.747064669844121
125,7696.657900000000154,1087.156753320145299,456.866602045779416
126,7696.657900000000154,1094.421050078313783,456.427877830434568
127,7696.657900000000154,1101.671381785924268,456.010905255998637
128,7696.657900000000154,1108.860329080258452,455.585489070672054
129,7696.657900000000154,1116.215429058271411,455.144779312787193
130,7696.657900000000154,1123.465921698620832,454.764007730167123
131,7696.657900000000154,1130.698150286337068,454.328625518904005
132,7696.657900000000154,1138.039821193655598,453.929617677496594
133,7696.657900000000154,1145.221339573654632,453.482272718725142
134,7696.657900000000154,1152.511057891434803,453.049023312605527
135,7696.657900000000154,1159.741158311263007,452.687518314073259
136,7696.657900000000154,1167.067055046265523,452.283117090762971
137,7696.657900000000154,1174.307152554268441,451.879425493688473
138,7696.657900000000154,1181.589026975335400,451.438321794009767
139,7696.657900000000154,1188.896798512342230,451.076981591204799
140,7696.657900000000154,1196.083994609696902,450.696700401447345
141,7696.657900000000154,1203.395825157106401,450.308645143158515
142,7696.657900000000154,1210.614790985982609,449.911523427632005
143,7696.657900000000154,1217.880160111334817,449.488188935775213
144,7696.657900000000154,1225.179538065581255,449.097404797687375
145,7696.657900000000154,1232.425158002611624,448.728480325935607
146,7696.657900000000154,1239.709331659638337,448.396725263982489
147,7696.657900000000154,1246.984906557618615,448.035073284088753
148,7696.657900000000154,1254.235979616168379,447.658758443022862
149,7696.657900000000154,1261.429158228322422,447.277388897275216
125,7856.984400000000278,1088.321167278398434,708.532812919442677
126,7856.984400000000278,1095.591313313602086,708.094057892780484
127,7856.984400000000278,1102.836942534327818,707.674721503652449
128,7856.984400000000278,1110.031284443145978,707.248439394956563
129,7856.984400000000278,1117.392621885025392,706.814082566868251
130,7856.984400000000278,1124.627072065638686,706.434080368167429
131,7856.984400000000278,1131.862865563448395,705.996395562618545
132,7856.984400000000278,1139.200572102097567,705.590998348793619
133,7856.984400000000278,1146.370392675399444,705.148195369516543
134,7856.984400000000278,1153.641815937844513,704.706888739769397
135,7856.984400000000278,1160.878114088148095,704.346537813198324
136,7856.984400000000278,1168.196959977290362,703.945445702580514
137,7856.984400000000278,1175.442447016023607,703.532996268639295
138,7856.984400000000278,1182.707084987729331,703.089748562857721
139,7856.984400000000278,1190.017217779203293,702.733972168316768
140,7856.984400000000278,1197.199196125109211,702.340884113192942
141,7856.984400000000278,1204.503485450482231,701.957183696263655
142,7856.984400000000278,1211.722420936664093,701.564838125136816
143,7856.984400000000278,1218.977090341743633,701.144801478628779
144,7856.984400000000278,1226.287694207944924,700.750302165516473
145,7856.984400000000278,1233.518008265097023,700.387538624970603
146,7856.984400000000278,1240.799764510725481,700.056095257209677
147,7856.984400000000278,1248.073711834102141,699.685517141746459
148,7856.984400000000278,1255.321387564180213,699.312651602005189
149,7856.984400000000278,1262.496673811436494,698.940708006609952
125,8061.721099999999751,1089.897296309032072,1032.721771637367283
126,8061.721099999999751,1097.145871573828799,1032.281631256006449
127,8061.721099999999751,1104.386313017372686,1031.855798813277488
128,8061.721099999999751,1111.583931997770378,1031.422421490508668
129,8061.721099999999751,1118.934455459836727,1030.987037147820502
130,8061.721099999999751,1126.154005715501398,1030.589000551887921
131,8061.721099999999751,1133.411213987191104,1030.143908489824071
132,8061.721099999999751,1140.731109631316031,1029.740193331699174
133,8061.721099999999751,1147.890415213888900,1029.301210303931384
134,8061.721099999999751,1155.125275303266790,1028.852029552000886
135,8061.721099999999751,1162.386839321068237,1028.488418181387715
136,8061.721099999999751,1169.693281497460248,1028.086427700790637
137,8061.721099999999751,1176.952422958290526,1027.670873890792564
138,8061.721099999999751,1184.198586965980212,1027.220312460129207
139,8061.721099999999751,1191.505918129498923,1026.872982385586511
140,8061.721099999999751,1198.679869866253739,1026.453997266923352
141,8061.721099999999751,1205.985656311090224,1026.077030939479073
142,8061.721099999999751,1213.191033663304324,1025.664783816815770
143,8061.721099999999751,1220.446049159697395,1025.269810953341221
144,8061.721099999999751,1227.746796607157876,1024.862727971467166
145,8061.721099999999751,1234.968715419721093,1024.498208068738904
146,8061.721099999999751,1242.235673054646441,1024.142855706049431
147,8061.721099999999751,1249.501117154593203,1023.761973139546399
148,8061.721099999999751,1256.740351454700203,1023.394346793578393
149,8061.721099999999751,1263.903204994919406,1023.021343931008460
125,8192.308199999999488,1090.810310953457247,1241.064217879160879
126,8192.308199999999488,1098.048206223501438,1240.616778589510204
127,8192.308199999999488,1105.282901404089898,1240.193566176586501
128,8192.308199999999488,1112.484884277635729,1239.751962293219549
129,8192.308199999999488,1119.822816136904066,1239.308353045193826
130,8192.308199999999488,1127.038468455069733,1238.899081387474780
131,8192.308199999999488,1134.304882116064618,1238.448100702329157
132,8192.308199999999488,1141.614138949114022,1238.040703830864913
133,8192.308199999999488,1148.770514660318213,1237.599436701683089
134,8192.308199999999488,1155.991004106762148,1237.145618115647721
135,8192.308199999999488,1163.261816672955320,1236.775828436699385
136,8192.308199999999488,1170.564467182115550,1236.368407705876962
137,8192.308199999999488,1177.823872990556538,1235.948658929243493
138,8192.308199999999488,1185.061990038088879,1235.493252358951850
139,8192.308199999999488,1192.368653436662271,1235.140125137311315
140,8192.308199999999488,1199.537264285354922,1234.714957848944096
141,8192.308199999999488,1206.844389041635850,1234.331421681590882
142,8192.308199999999488,1214.038601165658065,1233.905288301538349
143,8192.308199999999488,1221.298785551558922,1233.515182118915391
144,8192.308199999999488,1228.584142380442472,1233.100600710537037
145,8192.308199999999488,1235.809123608565642,1232.731262028270976
146,8192.308199999999488,1243.066328215558315,1232.362008023431144
147,8192.308199999999488,1250.325021448864618,1231.976187705062557
148,8192.308199999999488,1257.559327928283437,1231.607028860384844
149,8192.308199999999488,1264.719731757925047,1231.229639645048564
125,8511.210600000000341,1092.251250862999086,1755.405831962105822
126,8511.210600000000341,1099.487473041934891,1754.927747644960846
127,8511.210600000000341,1106.706553409160506,1754.499425435079957
128,8511.210600000000341,1113.921756534469296,1754.030191785532907
129,8511.210600000000341,1121.235770390141397,1753.548372417329119
130,8511.210600000000341,1128.451964257720419,1753.123782079916282
131,8511.210600000000341,1135.716430249891573,1752.651884172512609
132,8511.210600000000341,1143.019742117777469,1752.215268859963999
133,8511.210600000000341,1150.175614322149841,1751.749386194549288
134,8511.210600000000341,1157.389647757927833,1751.279450372986958
135,8511.210600000000341,1164.661126609357098,1750.878836208386929
136,8511.210600000000341,1171.961483418719126,1750.446349920646298
137,8511.210600000000341,1179.207482785835737,1749.998732213605535
138,8511.210600000000341,1186.434382786557080,1749.527383089974137
139,8511.210600000000341,1193.746774360296286,1749.134520214889790
140,8511.210600000000341,1200.905094928379413,1748.710188953954002
141,8511.210600000000341,1208.211936839674763,1748.286950241144268
142,8511.210600000000341,1215.394892449044846,1747.838962084805644
143,8511.210600000000341,1222.660399837272735,1747.416501908020109
144,8511.210600000000341,1229.918157626357470,1746.985745065788933
145,8511.210600000000341,1237.154941827829134,1746.593965887914237
146,8511.210600000000341,1244.405233671761380,1746.207055777810410
147,8511.210600000000341,1251.652469462713952,1745.799350353214095
148,8511.210600000000341,1258.876559752657840,1745.411596414691076
149,8511.210600000000341,1266.043733748605064,1745.018274442979873
125,8776.459999999999127,1092.223788956795488,2190.571930205450826
126,8776.459999999999127,1099.467609662273844,2190.070673081504992
127,8776.459999999999127,1106.682538730836541,2189.594072398043409
128,8776.459999999999127,1113.905437613609820,2189.099482810231621
129,8776.459999999999127,1121.222906628772535,2188.581413202909062
130,8776.459999999999127,1128.440025753066720,2188.144805105966952
131,8776.459999999999127,1135.695995527318246,2187.642300425785379
132,8776.459999999999127,1143.012917943334287,2187.177399440538011
133,8776.459999999999127,1150.170621096575815,2186.676236435077954
134,8776.459999999999127,1157.385862308517062,2186.183810338537569
135,8776.459999999999127,1164.658547221381696,2185.748732179906256
136,8776.459999999999127,1171.954212602628331,2185.288956196889103
137,8776.459999999999127,1179.205344074237928,2184.805823138831329
138,8776.459999999999127,1186.428052907122265,2184.310006050538050
139,8776.459999999999127,1193.748984299756785,2183.887564160399506
140,8776.459999999999127,1200.907174612865674,2183.441703564838917
141,8776.459999999999127,1208.216102332821265,2182.989076878684500
142,8776.459999999999127,1215.412838075719264,2182.526033625078981
143,8776.459999999999127,1222.669272980274172,2182.064132588455323
144,8776.459999999999127,1229.940665841422742,2181.611490397115176
145,8776.459999999999127,1237.170008403100610,2181.193420726984641
146,8776.459999999999127,1244.436358420009583,2180.790780563233966
147,8776.459999999999127,1251.683509172484264,2180.348451869290329
148,8776.459999999999127,1258.904149980110333,2179.936907542787139
149,8776.459999999999127,1266.079899285633928,2179.522789383083364
125,8779.160700000000361,1092.217012327417933,2195.044042465886378
126,8779.160700000000361,1099.460890633197778,2194.542584356198404
127,8779.160700000000361,1106.675834223565062,2194.065334964808699
128,8779.160700000000361,1113.898813020310627,2193.570489210190317
129,8779.160700000000361,1121.216425010266676,2193.052082693237935
130,8779.160700000000361,1128.433549010618890,2192.615285127677907
131,8779.160700000000361,1135.689492359945916,2192.112393686767518
132,8779.160700000000361,1143.006571656844017,2191.647263782071605
133,8779.160700000000361,1150.164311769171718,2191.145712065206226
134,8779.160700000000361,1157.379549369163669,2190.653016346959248
135,8779.160700000000361,1164.652294282588400,2190.217610094314296
136,8779.160700000000361,1171.947910565595748,2189.757535009313870
137,8779.160700000000361,1179.199219406721795,2189.274043435460953
138,8779.160700000000361,1186.421916372324404,2188.777918350352593
139,8779.160700000000361,1193.742932990077634,2188.355258825091823
140,8779.160700000000361,1200.901182922060798,2187.909022746683604
141,8779.160700000000361,1208.210170318353676,2187.456165421708192
142,8779.160700000000361,1215.407089053503114,2186.992921866108645
143,8779.160700000000361,1222.663446341232202,2186.530688631142766
144,8779.160700000000361,1229.935128249286436,2186.077745509190208
145,8779.160700000000361,1237.164314147653840,2185.659407288636885
146,8779.160700000000361,1244.430892944863444,2185.256514486903598
147,8779.160700000000361,1251.678077759600910,2184.813816011885592
148,8779.160700000000361,1258.898747317660309,2184.402001442413621
149,8779.160700000000361,1266.074547717764517,2183.987612343411911
125,8931.144700000000739,1091.624112080482519,2448.244861057079106
126,8931.144700000000739,1098.870546432299307,2447.732407421572134
127,8931.144700000000739,1106.087670956495913,2447.219330169614750
128,8931.144700000000739,1113.316605697745672,2446.710154633766706
129,8931.144700000000739,1120.644332112502752,2446.174571191747873
130,8931.144700000000739,1127.862423516971603,2445.723721286094587
131,8931.144700000000739,1135.120165093173455,2445.196881988068981
132,8931.144700000000739,1142.444433865844076,2444.721848933756064
133,8931.144700000000739,1149.605701133903949,2444.198574230533268
134,8931.144700000000739,1156.821338651877340,2443.689839781997307
135,8931.144700000000739,1164.097809476867496,2443.238613291885486
136,8931.144700000000739,1171.392409108943184,2442.760800305507928
137,8931.144700000000739,1178.656140979898055,2442.258914327051116
138,8931.144700000000739,1185.879914269906521,2441.744137048163338
139,8931.144700000000739,1193.205419319810289,2441.311242319602570
140,8931.144700000000739,1200.369368395767424,2440.841281513515696
141,8931.144700000000739,1207.683264822733690,2440.376522414118881
142,8931.144700000000739,1214.888740862821351,2439.899525371894924
143,8931.144700000000739,1222.144898021318340,2439.421864655378613
144,8931.144700000000739,1229.434432806691575,2438.949214249788383
145,8931.144700000000739,1236.654495349891477,2438.516948267123098
146,8931.144700000000739,1243.934358793037973,2438.095726181281861
147,8931.144700000000739,1251.183955459483741,2437.634855346512722
148,8931.144700000000739,1258.409780916496629,2437.206499615364919
149,8931.144700000000739,1265.586253486383384,2436.774389135759975
125,9354.799999999999272,1088.099365942678560,3172.361579036542935
126,9354.799999999999272,1095.365353552450642,3171.798690214665839
132,9354.799999999999272,1139.060109848399179,3168.581612771737582
133,9354.799999999999272,1146.258132351151289,3168.014559049424406
135,9354.799999999999272,1160.771513978257872,3167.010098114506491
136,9354.799999999999272,1168.110790029185409,3166.472731144805039
138,9354.799999999999272,1182.641138264053097,3165.389635953298693
139,9354.799999999999272,1189.975798596627783,3164.915934308944088
141,9354.799999999999272,1204.517681461069742,3163.899763560181782
142,9354.799999999999272,1211.693411067090665,3163.365988069570449
144,9354.799999999999272,1226.330589202618057,3162.318382488936550
145,9354.799999999999272,1233.568680474703569,3161.872533981296783
146,9354.799999999999272,1240.866071264345464,3161.371592923509979
148,9354.799999999999272,1255.408048683020979,3160.435516212873608
149,9354.799999999999272,1262.563840582883358,3159.932075951512161
125,9754.434999999999491,1084.003254675532389,3883.246560294937808
126,9754.434999999999491,1091.291501069425976,3882.632095017077063
127,9754.434999999999491,1098.553824526876042,3882.158713137889208
128,9754.434999999999491,1105.791244272814993,3881.584566411903779
129,9754.434999999999491,1113.172006419910986,3881.003411173760014
130,9754.434999999999491,1120.447480210618551,3880.469582455374621
131,9754.434999999999491,1127.715929225662876,3879.877556851321515
132,9754.434999999999491,1135.066647879411903,3879.358876241409234
133,9754.434999999999491,1142.290046865273098,3878.799842791491301
134,9754.434999999999491,1149.578236691059146,3878.212367881409136
135,9754.434999999999491,1156.848736044372345,3877.745281540230280
136,9754.434999999999491,1164.219083710737550,3877.204093587761236
137,9754.434999999999491,1171.491680060187264,3876.668532045239317
138,9754.434999999999491,1178.777807138585104,3876.095240283585099
139,9754.434999999999491,1186.105790811803899,3875.592086231946269
140,9754.434999999999491,1193.324883445734713,3875.113226702198972
141,9754.434999999999491,1200.696333649709686,3874.558959326275726
142,9754.434999999999491,1207.898377416503990,3874.022802405550010
143,9754.434999999999491,1215.249374721216782,3873.491060410787213
144,9754.434999999999491,1222.563023277684124,3872.954578177190797
145,9754.434999999999491,1229.842078657001366,3872.484332264215482
146,9754.434999999999491,1237.143978053256205,3871.974132857551012
147,9754.434999999999491,1244.445048322884077,3871.528240627706055
148,9754.434999999999491,1251.735608526921851,3871.026213179500246
149,9754.434999999999491,1258.936157266863802,3870.506488129081845
125,8233.896399999999630,1091.070580345192411,1307.676512346060008
126,8233.896399999999630,1098.306435506252228,1307.225777435548480
127,8233.896399999999630,1105.538998361018685,1306.803774217851242
128,8233.896399999999630,1112.742692739545419,1306.359054146088056
129,8233.896399999999630,1120.076473142082250,1305.911679988312017
130,8233.896399999999630,1127.291636135169483,1305.499471313610002
131,8233.896399999999630,1134.559615076394266,1305.046398369717281
132,8233.896399999999630,1141.866296866335233,1304.636644078183053
133,8233.896399999999630,1149.022224981395766,1304.193681347173197
134,8233.896399999999630,1156.239976560413652,1303.738265768289466
135,8233.896399999999630,1163.512228086209234,1303.365703046978524
136,8233.896399999999630,1170.814295431014898,1302.955824149839373
137,8233.896399999999630,1178.072459855725810,1302.533910172030573
138,8233.896399999999630,1185.308555093643463,1302.076899135388430
139,8233.896399999999630,1192.615397373218002,1301.720083256893986
140,8233.896399999999630,1199.782358937290610,1301.294547778270271
141,8233.896399999999630,1207.089692942430702,1300.907173056707734
142,8233.896399999999630,1214.280744412107879,1300.477195143306517
143,8233.896399999999630,1221.542633358988724,1300.086018879512267
144,8233.896399999999630,1228.822776748548904,1299.669288819327676
145,8233.896399999999630,1236.049537071016175,1299.297866448225022
146,8233.896399999999630,1243.304224803241141,1298.925123135892136
147,8233.896399999999630,1250.560859965817144,1298.537575058771154
148,8233.896399999999630,1257.793710674675594,1298.167040102756346
149,8233.896399999999630,1264.954117382317463,1297.787936781789767
125,8349.739999999999782,1091.692677808703138,1493.925711246540686
126,8349.739999999999782,1098.926217427195979,1493.464153586087150
127,8349.739999999999782,1106.152643192150208,1493.043853878239815
128,8349.739999999999782,1113.361400754929718,1492.589505236312107
129,8349.739999999999782,1120.684660951320893,1492.129302215470489
130,8349.739999999999782,1127.899713434220303,1491.710667206509470
131,8349.739999999999782,1135.168699081921432,1491.250948808725298
132,8349.739999999999782,1142.470985944368294,1490.831876958587827
133,8349.739999999999782,1149.626476347646303,1490.381686608011933
134,8349.739999999999782,1156.840383530480040,1489.921171978618304
135,8349.739999999999782,1164.113716721100445,1489.538785357791085
136,8349.739999999999782,1171.415025670680052,1489.120564735803782
137,8349.739999999999782,1178.667896239040601,1488.690209251622719
138,8349.739999999999782,1185.899410661873162,1488.228210065272833
139,8349.739999999999782,1193.207754528180658,1487.857785335886774
140,8349.739999999999782,1200.370467167601419,1487.433299390291495
141,8349.739999999999782,1207.677839074629674,1487.032169576063325
142,8349.739999999999782,1214.862371562284579,1486.593259635007144
143,8349.739999999999782,1222.127830402544305,1486.193154106275188
144,8349.739999999999782,1229.395000115041057,1485.770791912839968
145,8349.739999999999782,1236.627145469618426,1485.392184348309911
146,8349.739999999999782,1243.877152062803816,1485.012054712254894
147,8349.739999999999782,1251.128773677731488,1484.618290024485304
148,8349.739999999999782,1258.357764928687629,1484.242001759033428
149,8349.739999999999782,1265.519832646079522,1483.857553380551963
125,8821.832399999999325,1092.092359211579605,2265.826388625777781
126,8821.832399999999325,1099.337076568593830,2265.321810189379448
127,8821.832399999999325,1106.552379022540890,2264.834209473935516
128,8821.832399999999325,1113.776705024843523,2264.335325098517387
129,8821.832399999999325,1121.096786657204575,2263.811732248055250
130,8821.832399999999325,1128.314019115658766,2263.371678607967169
131,8821.832399999999325,1135.569799946969169,2262.862484136176590
132,8821.832399999999325,1142.889270416001409,2262.393971009571487
133,8821.832399999999325,1150.047691254697156,2261.886265860594449
134,8821.832399999999325,1157.262877767138662,2261.389225925285700
135,8821.832399999999325,1164.536644913118380,2260.948812986993289
136,8821.832399999999325,1171.831580102104226,2260.483944362131751
137,8821.832399999999325,1179.085951614694523,2259.994900435376167
138,8821.832399999999325,1186.308585011880496,2259.493780553983925
139,8821.832399999999325,1193.630925692355731,2259.067883842913488
140,8821.832399999999325,1200.790305453913561,2258.615415906519047
141,8821.832399999999325,1208.100361617006229,2258.159048078774049
142,8821.832399999999325,1215.300102299707532,2257.692446382183789
143,8821.832399999999325,1222.555489447090395,2257.225234541079772
144,8821.832399999999325,1229.831958568537402,2256.767304384211002
145,8821.832399999999325,1237.058576571817412,2256.344793053612648
146,8821.832399999999325,1244.328844838338227,2255.937579131878010
147,8821.832399999999325,1251.576624006258498,2255.489176576153113
148,8821.832399999999325,1258.798006949579076,2255.072996025906377
149,8821.832399999999325,1265.974450854428369,2254.654130911802440
125,8864.750000000000000,1091.933819183441301,2337.254105448873361
126,8864.750000000000000,1099.179263236305815,2336.746451751955647
127,8864.750000000000000,1106.395147626260950,2336.248481255728166
128,8864.750000000000000,1113.621043112643292,2335.745549652775480
129,8864.750000000000000,1120.943948626388419,2335.217017565690185
130,8864.750000000000000,1128.161387273291666,2334.773161730637639
131,8864.750000000000000,1135.417517244227383,2334.257279890465270
132,8864.750000000000000,1142.739152269103670,2333.785829480676512
133,8864.750000000000000,1149.898475029532392,2333.271950420173653
134,8864.750000000000000,1157.113683229055368,2332.770400513438744
135,8864.750000000000000,1164.388554799866824,2332.325351470732130
136,8864.750000000000000,1171.683057683995003,2331.855522886201470
137,8864.750000000000000,1178.940919208200739,2331.361161710107808
138,8864.750000000000000,1186.163753350608886,2330.854802807194119
139,8864.750000000000000,1193.487377863114261,2330.425983551924219
140,8864.750000000000000,1200.648259474464794,2329.966802555099548
141,8864.750000000000000,1207.959633782375931,2329.507094090435658
142,8864.750000000000000,1215.161967866771874,2329.036727472981056
143,8864.750000000000000,1222.416998729100897,2328.565026639102143
144,8864.750000000000000,1229.698567245394315,2328.101642779687154
145,8864.750000000000000,1236.922525824359354,2327.675109567992422
146,8864.750000000000000,1244.196584334188174,2327.262905062010759
147,8864.750000000000000,1251.445044210867763,2326.809147658383608
148,8864.750000000000000,1258.667686560341735,2326.388373464003053
149,8864.750000000000000,1265.844437706183726,2325.964621443905799
125,8933.281999999999243,1091.612864926072007,2451.827942216350948
126,8933.281999999999243,1098.859330410376742,2451.315330434912994
127,8933.281999999999243,1106.076500125229359,2450.801799019302052
128,8933.281999999999243,1113.305547768826955,2450.292422609568803
129,8933.281999999999243,1120.633435066501988,2449.756624474468026
130,8933.281999999999243,1127.851556481984289,2449.305526428287067
131,8933.281999999999243,1135.109371827374616,2448.778323471111435
132,8933.281999999999243,1142.433707673068056,2448.303194610266019
133,8933.281999999999243,1149.595050427159322,2447.779622441254105
134,8933.281999999999243,1156.810713983317783,2447.270653650181430
135,8933.281999999999243,1164.087229741466217,2446.819251223928404
136,8933.281999999999243,1171.381852043164145,2446.341174402520664
137,8933.281999999999243,1178.645776718976094,2445.839062711796487
138,8933.281999999999243,1185.869594525966249,2445.324009998904785
139,8933.281999999999243,1193.195157906732220,2444.890989330129287
140,8933.281999999999243,1200.359220913646823,2444.420681612234603
141,8933.281999999999243,1207.673208126051350,2443.955757956648085
142,8933.281999999999243,1214.878762139706851,2443.478531073977592
143,8933.281999999999243,1222.134995957957926,2443.000696969309047
144,8933.281999999999243,1229.424781242370500,2442.527732459966046
145,8933.281999999999243,1236.644728627274162,2442.095293860082620
146,8933.281999999999243,1243.924774546497247,2441.673755631876702
147,8933.281999999999243,1251.174408349294481,2441.212685603517912
148,8933.281999999999243,1258.400363441661511,2440.784075083508924
149,8933.281999999999243,1265.576810909448568,2440.351679107309337
125,8954.708599999999933,1091.495789272821639,2487.784600198117914
126,8954.708599999999933,1098.742570810492452,2487.270382199309552
127,8954.708599999999933,1105.960207055354658,2486.752446124694870
128,8954.708599999999933,1113.190445714180669,2486.241055658433652
129,8954.708599999999933,1120.519955694968075,2485.703148127782242
130,8954.708599999999933,1127.738415521438355,2485.249482891378193
131,8954.708599999999933,1134.997045110457293,2484.718601241915167
132,8954.708599999999933,1142.321984068435313,2484.242578305267671
133,8954.708599999999933,1149.484132976451974,2483.716046291149269
134,8954.708599999999933,1156.700112363654171,2483.204720888617885
135,8954.708599999999933,1163.977043080014255,2482.751640967537696
136,8954.708599999999933,1171.271971593357875,2482.270894386589134
137,8954.708599999999933,1178.537825300876193,2481.766582840072715
138,8954.708599999999933,1185.762143050752684,2481.248759309494289
139,8954.708599999999933,1193.088283583849034,2480.814482604819659
140,8954.708599999999933,1200.253541161977864,2480.340721499047049
141,8954.708599999999933,1207.568470739452550,2479.874128343940356
142,8954.708599999999933,1214.774711620719245,2479.394541550831036
143,8954.708599999999933,1222.031870582649390,2478.915027113270753
144,8954.708599999999933,1229.324125424938757,2478.438862817026802
145,8954.708599999999933,1236.542970583853730,2478.004740260325889
146,8954.708599999999933,1243.824821907540354,2477.579946069488415
147,8954.708599999999933,1251.074826877054420,2477.116998615544617
148,8954.708599999999933,1258.302180830402222,2476.685793706642926
149,8954.708599999999933,1265.478319304513207,2476.250478735438264
125,9047.929599999999482,1090.897832248012492,2645.005806506677345
126,9047.929599999999482,1098.146282503220618,2644.483922500128301
127,9047.929599999999482,1105.366103082797054,2643.950982159550676
128,9047.929599999999482,1112.602945403413059,2643.430803026484227
129,9047.929599999999482,1119.939454173820195,2642.884621054206946
130,9047.929599999999482,1127.160361112656119,2642.418145556383479
131,9047.929599999999482,1134.424035748594179,2641.870718933835633
132,9047.929599999999482,1141.749950169358499,2641.392139514909104
133,9047.929599999999482,1148.916778651636150,2640.853337778815785
134,9047.929599999999482,1156.135656370954848,2640.331697111796075
135,9047.929599999999482,1163.413273174861843,2639.873311103683136
136,9047.929599999999482,1170.711510848367197,2639.380400617502801
137,9047.929599999999482,1177.985177976438763,2638.867986379957983
138,9047.929599999999482,1185.212920093918001,2638.338077542264728
139,9047.929599999999482,1192.541415393879333,2637.898127632781325
140,9047.929599999999482,1199.712962578878432,2637.410557528558911
141,9047.929599999999482,1207.032636250573887,2636.935907091588888
142,9047.929599999999482,1214.239491861972965,2636.444941371258210
143,9047.929599999999482,1221.504409433650835,2635.959123985365295
144,9047.929599999999482,1228.805951988719244,2635.468100280103044
145,9047.929599999999482,1236.021575731708026,2635.027768710981945
146,9047.929599999999482,1243.310545419179562,2634.587108513385374
147,9047.929599999999482,1250.562071885256501,2634.118949644549048
148,9047.929599999999482,1257.797730341029592,2633.675534669436274
149,9047.929599999999482,1264.971301034404405,2633.226339854261369
125,9165.166699999999764,1089.958592542238648,2844.637149047996445
126,9165.166699999999764,1097.210863959259541,2844.103007142859497
127,9165.166699999999764,1104.433239079538680,2843.565000888283976
128,9165.166699999999764,1111.682142296857592,2843.033633120899140
129,9165.166699999999764,1119.026174587695323,2842.478996181115235
130,9165.166699999999764,1126.253159061118140,2841.993143948277975
131,9165.166699999999764,1133.525944930730020,2841.424564118771741
132,9165.166699999999764,1140.848814767609838,2840.945243863036467
133,9165.166699999999764,1148.024687689786560,2840.393012353513768
134,9165.166699999999764,1155.252315793033858,2839.858672528810985
135,9165.166699999999764,1162.526637632321808,2839.398693899614955
136,9165.166699999999764,1169.834792234990573,2838.889241852373743
137,9165.166699999999764,1177.114683559098239,2838.370437179974942
138,9165.166699999999764,1184.350030227481739,2837.826101554531760
139,9165.166699999999764,1191.681164240699673,2837.376929940105583
140,9165.166699999999764,1198.862935751498526,2836.877968864713694
141,9165.166699999999764,1206.189815276811942,2836.389712259823227
142,9165.166699999999764,1213.390724006179880,2835.882464005033853
143,9165.166699999999764,1220.675365608430411,2835.389802313222390
144,9165.166699999999764,1227.982863451979483,2834.878799512570367
145,9165.166699999999764,1235.200072960445141,2834.433682650105766
146,9165.166699999999764,1242.495376867295818,2833.970127438367399
147,9165.166699999999764,1249.748405982747045,2833.503803600108313
148,9165.166699999999764,1256.999847391969070,2833.042720560280486
149,9165.166699999999764,1264.167595740252409,2832.573671607290635
125,9170.040000000000873,1089.915516135384905,2852.983337777309771
126,9170.040000000000873,1097.168011006384631,2852.448602540335742
127,9170.040000000000873,1104.390477866979836,2851.910794425656150
128,9170.040000000000873,1111.639974026152004,2851.378957420718962
129,9170.040000000000873,1118.984266729308501,2850.824010929524775
130,9170.040000000000873,1126.211589669485647,2850.337293939474876
131,9170.040000000000873,1133.484797674938591,2849.767850714745236
132,9170.040000000000873,1140.807437765326313,2849.288539789282822
133,9170.040000000000873,1147.983768730045313,2848.735810972010313
134,9170.040000000000873,1155.211913651558916,2848.200958626143347
135,9170.040000000000873,1162.485969411818814,2847.741039208588518
136,9170.040000000000873,1169.794694029117181,2847.230874219723773
137,9170.040000000000873,1177.074710700671176,2846.711898998993092
138,9170.040000000000873,1184.310458668233878,2846.167001607347174
139,9170.040000000000873,1191.641695392150723,2845.717363153830320
140,9170.040000000000873,1198.823939714282460,2845.218137769856185
141,9170.040000000000873,1206.151141848264842,2844.729200408564793
142,9170.040000000000873,1213.351626988814587,2844.221247479410522
143,9170.040000000000873,1220.637341643461923,2843.728296310810492
144,9170.040000000000873,1227.944906291916595,2843.216456878787540
145,9170.040000000000873,1235.162355908340487,2842.771219065103651
146,9170.040000000000873,1242.457843754262740,2842.306671538497540
147,9170.040000000000873,1249.710924772637100,2841.840648568678262
148,9170.040000000000873,1256.963146503934695,2841.378776485249546
149,9170.040000000000873,1264.130602747649164,2840.908857399584576
125,9377.329999999999927,1087.859661711813033,3211.709094555065803
126,9377.329999999999927,1095.127959852645290,3211.142081304675230
127,9377.329999999999927,1102.353256752317748,3210.644401540861963
128,9377.329999999999927,1109.631751008052333,3210.092557438606946
129,9377.329999999999927,1116.982408858360714,3209.526662827775908
130,9377.329999999999927,1124.230626095633397,3209.002653040975929
131,9377.329999999999927,1131.520967391886870,3208.401228983677356
132,9377.329999999999927,1138.829053447219849,3207.921997960744193
133,9377.329999999999927,1146.030140742201411,3207.353877434446076
134,9377.329999999999927,1153.292179689590967,3206.799033333621537
135,9377.329999999999927,1160.545150660319678,3206.348979699281699
136,9377.329999999999927,1167.889090313810811,3205.808494193759998
137,9377.329999999999927,1175.161907232934254,3205.288179248305369
138,9377.329999999999927,1182.420402939376118,3204.724130099294143
139,9377.329999999999927,1189.755391622540401,3204.246698004093105
140,9377.329999999999927,1196.959525236841046,3203.755543556711473
141,9377.329999999999927,1204.301312403731799,3203.228283958578686
142,9377.329999999999927,1211.473322189845021,3202.691773147248568
143,9377.329999999999927,1218.819427536470585,3202.183103074582505
144,9377.329999999999927,1226.115529145361734,3201.639124900929346
145,9377.329999999999927,1233.357561914272310,3201.193566691821616
146,9377.329999999999927,1240.654574170895785,3200.688753965466276
147,9377.329999999999927,1247.910153809125177,3200.250435405658209
148,9377.329999999999927,1255.201446399417364,3199.752911643273364
149,9377.329999999999927,1262.356077665609519,3199.245600823668155
125,9515.986999999999171,1086.355172835920712,3455.819440047720036
126,9515.986999999999171,1093.639188612565931,3455.225880206131933
127,9515.986999999999171,1100.867793732926430,3454.775741763182850
128,9515.986999999999171,1108.160095125021599,3454.211599455154101
129,9515.986999999999171,1115.512408652823297,3453.639718748168889
130,9515.986999999999171,1122.778739117675059,3453.096942699345163
131,9515.986999999999171,1130.073579903962582,3452.484492008427878
132,9515.986999999999171,1137.375133655862328,3452.000163890631484
133,9515.986999999999171,1144.594587772643763,3451.429233915597251
134,9515.986999999999171,1151.886097948319502,3450.862989749186454
135,9515.986999999999171,1159.121401940788473,3450.421223351699609
136,9515.986999999999171,1166.493922106413493,3449.865366043779886
137,9515.986999999999171,1173.751894397693832,3449.346792142426693
138,9515.986999999999171,1181.028452894558541,3448.776381169154320
139,9515.986999999999171,1188.364528947254485,3448.275047443024050
140,9515.986999999999171,1195.581803796479335,3447.805762277722351
141,9515.986999999999171,1202.933621999612342,3447.248329634880065
142,9515.986999999999171,1210.086334205033836,3446.699677933575458
143,9515.986999999999171,1217.473797784263752,3446.176218362812051
144,9515.986999999999171,1224.753956850175655,3445.620306202440588
145,9515.986999999999171,1232.023335612177789,3445.175781716629899
146,9515.986999999999171,1239.316749512502611,3444.653395451689448
147,9515.986999999999171,1246.577764903695652,3444.239387781939513
148,9515.986999999999171,1253.892472664824254,3443.721814917970732
149,9515.986999999999171,1261.045127879801157,3443.194912536095217
125,9687.979999999999563,1084.588902487987298,3763.200322595833313
126,9687.979999999999563,1091.883358305897673,3762.584165946096618
127,9687.979999999999563,1099.129619328916306,3762.148252875883372
128,9687.979999999999563,1106.399845020798011,3761.574416931901851
129,9687.979999999999563,1113.765592337213093,3760.995590306386930
130,9687.979999999999563,1121.044961936649770,3760.451543895779196
131,9687.979999999999563,1128.326467548283517,3759.847272787125803
132,9687.979999999999563,1135.650077615396867,3759.342382505190017
133,9687.979999999999563,1142.879439396934913,3758.777785245190444
135,9687.979999999999563,1157.427197332486458,3757.746810620315046
136,9687.979999999999563,1164.811850400398953,3757.192874749255225
137,9687.979999999999563,1172.067386499473514,3756.667187865915366
138,9687.979999999999563,1179.356667260216454,3756.094635676104190
139,9687.979999999999563,1186.689088765509268,3755.580468022614241
140,9687.979999999999563,1193.912042247252430,3755.120757536034944
141,9687.979999999999563,1201.277213886859045,3754.550596384333403
142,9687.979999999999563,1208.445762407353186,3754.005261557724680
143,9687.979999999999563,1215.832710093689002,3753.469553067705874
144,9687.979999999999563,1223.119924294941939,3752.920923873069114
145,9687.979999999999563,1230.408350875185533,3752.464673780208614
146,9687.979999999999563,1237.703211062345872,3751.944080898744232
147,9687.979999999999563,1244.986644262351774,3751.526140342140934
148,9687.979999999999563,1252.298454015717198,3751.008652246312067
149,9687.979999999999563,1259.475290713738787,3750.478776362921963
125,9720.829999999999927,1084.289774045948661,3822.457164372447551
126,9720.829999999999927,1091.582291840252537,3821.840724147652054
127,9720.829999999999927,1098.835575066086676,3821.390837865980302
128,9720.829999999999927,1106.091909701726081,3820.816516978703021
129,9720.829999999999927,1113.464054628468148,3820.236491005044627
130,9720.829999999999927,1120.742442715655670,3819.696572880412077
131,9720.829999999999927,1128.018118950162034,3819.097616622625537
132,9720.829999999999927,1135.353364497130542,3818.586364488417985
133,9720.829999999999927,1142.580764945370674,3818.024294858253597
134,9720.829999999999927,1149.879339665601265,3817.440484806806126
135,9720.829999999999927,1157.133681169809506,3816.983140007273050
136,9720.829999999999927,1164.513209836638907,3816.434382049933447
137,9720.829999999999927,1171.775205261717247,3815.904521326042413
138,9720.829999999999927,1179.063754688944528,3815.331698399066681
139,9720.829999999999927,1186.394276018591881,3814.821266640710746
140,9720.829999999999927,1193.615878319113108,3814.354640661390022
141,9720.829999999999927,1200.984020143363750,3813.790169290810809
142,9720.829999999999927,1208.166436590185185,3813.248731930970735
143,9720.829999999999927,1215.539124671200170,3812.713975930257220
144,9720.829999999999927,1222.836931152946363,3812.170592433687943
145,9720.829999999999927,1230.122544264741009,3811.708365187494110
146,9720.829999999999927,1237.420188873051529,3811.192146072622108
147,9720.829999999999927,1244.711500297044040,3810.763060517150734
148,9720.829999999999927,1252.014733913774990,3810.251735138017011
149,9720.829999999999927,1259.201984727468471,3809.725857839412583
125,9802.384000000000015,1083.634866561822719,3970.269251552443166
126,9802.384000000000015,1090.911916409508876,3969.662578168221899
127,9802.384000000000015,1098.191083403035236,3969.135635333922892
128,9802.384000000000015,1105.391719049110861,3968.563141257018287
129,9802.384000000000015,1112.789266737940125,3967.980626396130901
130,9802.384000000000015,1120.056423736064517,3967.459129595467402
131,9802.384000000000015,1127.312237270659580,3966.879826050903830
132,9802.384000000000015,1134.692413544121564,3966.348875964913077
133,9802.384000000000015,1141.905855655054438,3965.794971281733069
134,9802.384000000000015,1149.169468764443536,3965.201473014932617
135,9802.384000000000015,1156.473765247434812,3964.714929055081484
136,9802.384000000000015,1163.822554271367380,3964.189224263146116
137,9802.384000000000015,1171.119127962228958,3963.642521853525523
138,9802.384000000000015,1178.398207607319137,3963.067944614916087
139,9802.384000000000015,1185.721317331332784,3962.582765097337870
140,9802.384000000000015,1192.934539269317384,3962.074939525645732
141,9802.384000000000015,1200.311341688035782,3961.544736836284756
142,9802.384000000000015,1207.552836257237686,3961.018539731277542
143,9802.384000000000015,1214.857945116708834,3960.495756928268747
144,9802.384000000000015,1222.205036956155027,3959.972024065466940
145,9802.384000000000015,1229.466630653238553,3959.486310328697073
146,9802.384000000000015,1236.777670349818663,3958.987540358121350
147,9802.384000000000015,1244.096164349791025,3958.506145163895781
148,9802.384000000000015,1251.360536894226698,3958.023625890153198
149,9802.384000000000015,1258.585411000661452,3957.516829202862027
