125,7440.946899999999914,1085.809373172172400,60.049682531520375
125,7474.496199999999590,1085.929916323281304,111.689464775948181
125,7490.933500000000095,1085.995868858401536,137.036790048415696
125,7505.935000000000400,1086.059858532276849,160.196092804512318
125,7516.720999999999549,1086.108044243566837,176.862612771904423
125,7537.848799999999756,1086.207537958771127,209.545173023681173
125,7546.121100000000297,1086.248281330468672,222.354313887064563
125,7589.502499999999600,1086.477497838168574,289.641569996686485
125,7603.638399999999820,1086.557521652267496,311.607459198394963
125,7637.207999999999629,1086.757202617744724,363.847947560287821
125,7687.361200000000281,1087.078315046930129,442.088594790721118
125,7696.657900000000154,1087.140520611435250,456.616298779188355
125,7856.984400000000278,1088.307436323580305,708.278024254085949
125,7945.365399999999681,1088.990458834255605,847.855757699399874
125,7950.362000000000080,1089.029160753843144,855.763817100308188
125,8008.359000000000378,1089.475602330861648,947.686136141169868
125,8016.989999999999782,1089.541349138439955,961.386368365529506
125,8061.721099999999751,1089.877607418338130,1032.474150801405358
125,8192.308199999999488,1090.791864646532531,1240.824532331613682
125,8233.896399999999630,1091.053393410114040,1307.439133105759538
125,8349.739999999999782,1091.680173791764901,1493.692874766158184
125,8368.045500000000175,1091.763603369111706,1523.222706046359235
125,8378.661000000000058,1091.809851525903241,1540.360041417789944
125,8379.909299999999348,1091.815185356528445,1542.375879269968209
125,8419.472700000000259,1091.972530773374956,1606.334227375365572
125,8420.739799999999377,1091.977187438636065,1608.384856998852229
125,8426.962999999999738,1091.999705848529629,1618.458301920852591
125,8465.682399999999689,1092.126404912790349,1681.210334151015559
125,8497.693199999999706,1092.213184358132366,1733.192845491887056
125,8511.210600000000341,1092.244800322054971,1755.172606196998231
125,8523.782999999999447,1092.271476820490761,1775.631402034884559
125,8593.618399999999383,1092.370533370065459,1889.556427485682889
125,8637.019000000000233,1092.388979657660684,1960.609927570498940
125,8656.759899999999107,1092.386185504851710,1992.995814174863881
125,8670.325000000000728,1092.380172935237169,2015.274915976566263
125,8681.877500000000509,1092.372412591846341,2034.264795338536715
125,8684.306200000000899,1092.370471510718062,2038.258984962013074
125,8774.066399999999703,1092.222923208899829,2186.360382353478144
125,8776.459999999999127,1092.216965256619687,2190.323035909420014
125,8779.160700000000361,1092.210116895134888,2194.794954008049444
125,8783.033600000000661,1092.200063040413397,2201.209429011278189
125,8786.165999999999258,1092.191730708253090,2206.398824282412079
125,8821.832399999999325,1092.084230097299042,2265.574328233283723
125,8856.298000000000684,1091.958439441778864,2322.913938149525165
125,8864.750000000000000,1091.924333993805703,2336.999356003947469
125,8868.190500000000611,1091.910085896543706,2342.735760823370583
125,8921.949599999999919,1091.660341776298083,2432.579516384242197
125,8931.144700000000739,1091.612590309747475,2447.986950107347639
125,8933.281999999999243,1091.601283512192367,2451.569955573027528
125,8954.708599999999933,1091.483643996820319,2487.525960508086428
125,9047.929599999999482,1090.884337665879912,2644.746957732242663
125,9125.470999999999549,1090.285564492897265,2776.542198049361104
125,9165.166699999999764,1089.947580881057775,2844.385467164220245
125,9170.040000000000873,1089.904738828123072,2852.732149413905518
125,9222.590000000000146,1089.425480530017921,2942.987549544221110
125,9224.110800000000381,1089.411165323584783,2945.606443547705112
125,9227.030000000000655,1089.383620856733160,2950.634547850132549
125,9354.799999999999272,1088.105857025584100,3172.138968062544336
125,9356.787000000000262,1088.085087103938349,3175.605984104029631
125,9375.879600000000210,1087.884512133269254,3208.954813427838417
125,9377.329999999999927,1087.869205723552568,3211.490811992287490
125,9515.986999999999171,1086.383833398489742,3455.624562832276297
125,9660.434999999999491,1084.885369223118005,3713.445181177304676
125,9687.979999999999563,1084.618371313929401,3762.993780264510860
125,9720.829999999999927,1084.311691739623257,3822.237069868684557
125,9754.434999999999491,1084.013277162647000,3883.006879716735057
125,9787.185999999999694,1083.739546538747845,3942.385730034022345
125,9802.384000000000015,1083.618872935080162,3969.989553646919376
126,7440.946899999999914,1093.004455135509033,59.590439341846377
126,7474.496199999999590,1093.136498639806632,111.245681886710599
126,7490.933500000000095,1093.207483025834790,136.599404834409370
126,7505.935000000000400,1093.275741156376853,159.763931990122501
126,7516.720999999999549,1093.326813027561002,176.433868035535625
126,7537.848799999999756,1093.431538281872690,209.122351709263967
126,7546.121100000000297,1093.474184213207536,221.933551558131285
126,7589.502499999999600,1093.712137491572321,289.229469386278652
126,7603.638399999999820,1093.794590236632303,311.197485917691893
126,7637.207999999999629,1093.999299450106264,363.441857245449683
126,7687.361200000000281,1094.326201658941955,441.685737599030745
126,7696.657900000000154,1094.389279390152296,456.213759100321113
126,7856.984400000000278,1095.563921481695616,707.872177111772771
126,7945.365399999999681,1096.247310419872065,847.444388218933682
126,7950.362000000000080,1096.285985579524549,855.352106422741144
126,8008.359000000000378,1096.731873688429005,947.270371312270413
126,8016.989999999999782,1096.797508278480109,960.969992351649580
126,8061.721099999999751,1097.133109742835813,1032.054607094752328
126,8192.308199999999488,1098.045335921823153,1240.395928031776748
126,8233.896399999999630,1098.306356003851988,1307.007686708826895
126,8349.739999999999782,1098.932437847369101,1493.253294531939218
126,8368.045500000000175,1099.015869563954311,1522.781773465058450
126,8378.661000000000058,1099.062133887583741,1539.918312142938930
126,8379.909299999999348,1099.067470342488377,1541.934055668899191
126,8419.472700000000259,1099.224977934869912,1605.889337011330781
126,8420.739799999999377,1099.229642321344045,1607.939865755845403
126,8426.962999999999738,1099.252200918444942,1618.012812646041539
126,8465.682399999999689,1099.379233719504327,1680.761643800500451
126,8497.693199999999706,1099.466395275629793,1732.741363038057216
126,8511.210600000000341,1099.498200394259356,1754.719901840704779
126,8523.782999999999447,1099.525067152296742,1775.177537330125688
126,8593.618399999999383,1099.625414668030544,1889.095676863256813
126,8637.019000000000233,1099.644840649195885,1960.144507481632218
126,8656.759899999999107,1099.642530315378053,1992.528170679792993
126,8670.325000000000728,1099.636862507259366,2014.805709175283255
126,8681.877500000000509,1099.629403073781532,2033.794234768918614
126,8684.306200000000899,1099.627526063684854,2037.788137199619769
126,8774.066399999999703,1099.482501864810729,2185.878335203162351
126,8776.459999999999127,1099.476614368067885,2189.840675925645428
126,8779.160700000000361,1099.469845634037938,2194.312240275929526
126,8783.033600000000661,1099.459906201873309,2200.726206573113814
126,8786.165999999999258,1099.451666605914625,2205.915189201145949
126,8821.832399999999325,1099.345231124072598,2265.085924955707924
126,8856.298000000000684,1099.220477391572558,2322.420825363897166
126,8864.750000000000000,1099.186626048847529,2336.505076518154965
126,8868.190500000000611,1099.172481282289255,2342.241005337963998
126,8921.949599999999919,1098.924334998595441,2432.077271037273022
126,8931.144700000000739,1098.876852076474506,2447.483419629045784
126,8933.281999999999243,1098.865607437250446,2451.066126457672908
126,8954.708599999999933,1098.748584984652098,2487.019141857598697
126,9047.929599999999482,1098.151793039365430,2644.227437893439401
126,9125.470999999999549,1097.554834860019128,2776.012944537671046
126,9165.166699999999764,1097.217668290924166,2843.851696712326429
126,9170.040000000000873,1097.174921200198469,2852.197850650950841
126,9222.590000000000146,1096.696614400187400,2942.447962719653333
126,9224.110800000000381,1096.682324812648858,2945.066715502767693
126,9227.030000000000655,1096.654829231239319,2950.094550688814707
126,9354.799999999999272,1095.378893917621326,3171.589920192590398
126,9356.787000000000262,1095.358148933958319,3175.056839651497285
126,9375.879600000000210,1095.157811092396742,3208.404810833846113
126,9377.329999999999927,1095.142522552997434,3210.940749359978781
126,9515.986999999999171,1093.658995168031424,3455.071804301967859
126,9660.434999999999491,1092.163912878683050,3712.892983238021770
126,9687.979999999999563,1091.897919076442804,3762.441399398073372
126,9720.829999999999927,1091.592653151332797,3821.684052942698145
126,9754.434999999999491,1091.295966899213909,3882.452541663751617
126,9787.185999999999694,1091.024237946355925,3941.829217616570531
126,9802.384000000000015,1090.904612046427928,3969.431662599499759
127,7440.946899999999914,1100.211445251448595,59.129096972186062
127,7474.496199999999590,1100.351732846646200,110.793818977592537
127,7490.933500000000095,1100.426293155293479,136.151701185926413
127,7505.935000000000400,1100.497562070364438,159.319762088475727
127,7516.720999999999549,1100.550654557445569,175.992090229678297
127,7537.848799999999756,1100.659001635572167,208.684914793883536
127,7546.121100000000297,1100.702948406929863,221.497694558178182
127,7589.502499999999600,1100.946709396682081,288.800869100536374
127,7603.638399999999820,1101.030707870282185,310.770900173607515
127,7637.207999999999629,1101.238461490551344,363.019425674527838
127,7687.361200000000281,1101.568423512505888,441.268015108195868
127,7696.657900000000154,1101.631891176094769,455.796730515349736
127,7856.984400000000278,1102.806545567703552,707.460101389542388
127,7945.365399999999681,1103.486225227572049,847.030760375987711
127,7950.362000000000080,1103.524643831276535,854.938323892700510
127,8008.359000000000378,1103.967316002681855,946.854356870799506
127,8016.989999999999782,1104.032443328826048,960.553582800405934
127,8061.721099999999751,1104.365349754205909,1031.635922079886541
127,8192.308199999999488,1105.269788178327644,1239.968847589942698
127,8233.896399999999630,1105.528574092468943,1306.577514347089163
127,8349.739999999999782,1106.149600858786016,1492.813763423972205
127,8368.045500000000175,1106.232420642113993,1522.340682041415903
127,8378.661000000000058,1106.278355619484500,1539.476307305356386
127,8379.909299999999348,1106.283654591733921,1541.491943021163479
127,8419.472700000000259,1106.440112254585074,1605.443766258349342
127,8420.739799999999377,1106.444747484508525,1607.494182989838691
127,8426.962999999999738,1106.467166946811176,1617.566578664558619
127,8465.682399999999689,1106.593486498903530,1680.311941987263026
127,8497.693199999999706,1106.680257007000137,1732.288748365388074
127,8511.210600000000341,1106.711950668038298,1754.266045760853331
127,8523.782999999999447,1106.738742096863007,1774.722520940811137
127,8593.618399999999383,1106.839155003808628,1888.634125616192705
127,8637.019000000000233,1106.859013647036136,1959.678829072537837
127,8656.759899999999107,1106.856992285633623,1992.060601065452147
127,8670.325000000000728,1106.851554638268453,2014.336835524110484
127,8681.877500000000509,1106.844310763514386,2033.324247895619465
127,8684.306200000000899,1106.842481302355964,2037.317915996455895
127,8774.066399999999703,1106.699702958191892,2185.399396656603585
127,8776.459999999999127,1106.693886947438841,2189.361503779379746
127,8779.160700000000361,1106.687199501198393,2193.832804512829171
127,8783.033600000000661,1106.677377787715386,2200.246392693171856
127,8786.165999999999258,1106.669234377180373,2205.435069434968227
127,8821.832399999999325,1106.563951113736493,2264.602319359533794
127,8856.298000000000684,1106.440396906565866,2321.933849960389125
127,8864.750000000000000,1106.406850447576971,2336.017275168711421
127,8868.190500000000611,1106.392830850720884,2341.752867868787689
127,8921.949599999999919,1106.146704667776703,2431.583893454731424
127,8931.144700000000739,1106.099576427974398,2446.989148973372721
127,8933.281999999999243,1106.088414494810877,2450.571648392533461
127,8954.708599999999933,1105.972225458563116,2486.522588607335365
127,9047.929599999999482,1105.379062647569071,2643.721979129396459
127,9125.470999999999549,1104.784970606979869,2775.500309759278935
127,9165.166699999999764,1104.449171094470330,2843.335502545955933
127,9170.040000000000873,1104.406586334880330,2851.681225778462249
127,9222.590000000000146,1103.929949512465328,2941.926791132215840
127,9224.110800000000381,1103.915706046243940,2944.545415172501635
127,9227.030000000000655,1103.888298650601655,2949.573003709218483
127,9354.799999999999272,1102.615843220651186,3171.058269162188481
127,9356.787000000000262,1102.595148175294980,3174.525043381611795
127,9375.879600000000210,1102.395288098232186,3207.871639605162272
127,9377.329999999999927,1102.380035766605943,3210.407475228021667
127,9515.986999999999171,1100.900326742402740,3454.529791964004289
127,9660.434999999999491,1099.412352604388388,3712.344418968683385
127,9687.979999999999563,1099.148500190905679,3761.891893016078939
127,9720.829999999999927,1098.846276316702415,3821.133547610114874
127,9754.434999999999491,1098.553350996949121,3881.901149196612096
127,9787.185999999999694,1098.286031228433103,3941.277083907016276
127,9802.384000000000015,1098.168734430653785,3968.879223542022828
128,7440.946899999999914,1107.396823821710086,58.694214349096228
128,7474.496199999999590,1107.542828777548948,110.356415392867802
128,7490.933500000000095,1107.619839148551819,135.713413737518295
128,7505.935000000000400,1107.693159537733663,158.880842315628570
128,7516.720999999999549,1107.747624296011509,175.552808854625255
128,7537.848799999999756,1107.858426052807772,208.245125779451882
128,7546.121100000000297,1107.903254382916657,221.057771870569240
128,7589.502499999999600,1108.150977728868156,288.360732662240252
128,7603.638399999999820,1108.236049592395375,310.330837055641496
128,7637.207999999999629,1108.445978361419520,362.579735037774753
128,7687.361200000000281,1108.778346154512974,440.829200172096080
128,7696.657900000000154,1108.842164143240780,455.358097750309298
128,7856.984400000000278,1110.019566740988921,707.023720007897055
128,7945.365399999999681,1110.699075622761939,846.593806415932931
128,7950.362000000000080,1110.737463908230666,854.501286123238515
128,8008.359000000000378,1111.179670164540994,946.415926531647301
128,8016.989999999999782,1111.244713114232809,960.114879148692467
128,8061.721099999999751,1111.577136071545965,1031.195532565172925
128,8192.308199999999488,1112.479915793263444,1239.521150896452127
128,8233.896399999999630,1112.738154191056537,1306.126845414281888
128,8349.739999999999782,1113.357768519264710,1492.353580866932361
128,8368.045500000000175,1113.440393195124670,1521.878863810264193
128,8378.661000000000058,1113.486219943456263,1539.013527274747503
128,8379.909299999999348,1113.491506440949024,1541.029049281410380
128,8419.472700000000259,1113.647599117080063,1604.977207643006750
128,8420.739799999999377,1113.652223709261989,1607.027505180459684
128,8426.962999999999738,1113.674591953975096,1617.099313941109131
128,8465.682399999999689,1113.800634329772038,1679.840973724537207
128,8497.693199999999706,1113.887236667290381,1731.814659420153248
128,8511.210600000000341,1113.918878070946676,1753.790625316554951
128,8523.782999999999447,1113.945631732929542,1774.245855490046551
128,8593.618399999999383,1114.046050701329705,1888.150444689115602
128,8637.019000000000233,1114.066127682147226,1959.190714537959366
128,8656.759899999999107,1114.064268495101942,1991.570452628041494
128,8670.325000000000728,1114.058966886499320,2013.845283175009627
128,8681.877500000000509,1114.051855353017345,2032.831495790736881
128,8684.306200000000899,1114.050055692808428,2036.824911171758004
128,8774.066399999999703,1113.908905856110096,2184.896917476894487
128,8776.459999999999127,1113.903148393994798,2188.858767915845419
128,8779.160700000000361,1113.896528016463890,2193.329778746956435
128,8783.033600000000661,1113.886804358546442,2199.742950661182476
128,8786.165999999999258,1113.878741882944269,2204.931290258767149
128,8821.832399999999325,1113.774485538153158,2264.094669947555758
128,8856.298000000000684,1113.652115440985426,2321.422399770181983
128,8864.750000000000000,1113.618889287917227,2335.504882781085144
128,8868.190500000000611,1113.605003520831360,2341.240090735840113
128,8921.949599999999919,1113.361233628227410,2431.065006262245788
128,8931.144700000000739,1113.314559334311525,2446.469196855626251
128,8933.281999999999243,1113.303505080046307,2450.051447861224005
128,8954.708599999999933,1113.188440887220622,2485.999878780717609
128,9047.929599999999482,1112.601135352618485,2643.187920272442170
128,9125.470999999999549,1112.013059334914715,2774.956249634380583
128,9165.166699999999764,1111.680690967532655,2842.786139692685083
128,9170.040000000000873,1111.638541516715122,2851.131204607199834
128,9222.590000000000146,1111.166758550882832,2941.369592416570413
128,9224.110800000000381,1111.152659212640174,2943.988007077256952
128,9227.030000000000655,1111.125528932279167,2949.015193529377939
128,9354.799999999999272,1109.865337100730585,3170.482997587490900
128,9356.787000000000262,1109.844826432020000,3173.949509485078124
128,9375.879600000000210,1109.646710490196028,3207.293615127565772
128,9377.329999999999927,1109.631588387637066,3209.829263984205681
128,9515.986999999999171,1108.161591393741446,3453.936521307914518
128,9660.434999999999491,1106.671662910004443,3711.747762966356277
128,9687.979999999999563,1106.405007883320650,3761.297114340856297
128,9720.829999999999927,1106.098058375499022,3820.542468468866446
128,9754.434999999999491,1105.798519825781568,3881.315749637755289
128,9787.185999999999694,1105.522775976578941,3940.699346836669065
128,9802.384000000000015,1105.400833006041921,3968.305840253523456
129,7440.946899999999914,1114.710986096444230,58.186982610592395
129,7474.496199999999590,1114.866159721855865,109.868357387150127
129,7490.933500000000095,1114.946921248470744,135.233428124387956
129,7505.935000000000400,1115.023276968746814,158.407529239631231
129,7516.720999999999549,1115.079708727243315,175.083906776167623
129,7537.848799999999756,1115.193876237325412,207.783986704166864
129,7546.121100000000297,1115.239857009210937,220.599373534540064
129,7589.502499999999600,1115.492263412118746,287.914231828393895
129,7603.638399999999820,1115.578417808299037,309.887399853327679
129,7637.207999999999629,1115.790171013658210,362.142185693079227
129,7687.361200000000281,1116.123628408167633,440.397345617857354
129,7696.657900000000154,1116.187469800899407,454.926951723231696
129,7856.984400000000278,1117.359934875950103,706.593362528062244
129,7945.365399999999681,1118.034840785928964,846.158558531954895
129,7950.362000000000080,1118.072966852867694,854.065708389895917
129,8008.359000000000378,1118.512230009789619,945.976278710531801
129,8016.989999999999782,1118.576857484900984,959.674597564310943
129,8061.721099999999751,1118.907255604550301,1030.751901039963968
129,8192.308199999999488,1119.805678917198293,1239.067562933992576
129,8233.896399999999630,1120.063070484135551,1305.670100642209491
129,8349.739999999999782,1120.681640599648290,1491.887972209138979
129,8368.045500000000175,1120.764259164654277,1521.411820431327442
129,8378.661000000000058,1120.810099837461394,1538.545644611060879
129,8379.909299999999348,1120.815388787915481,1540.561067541066677
129,8419.472700000000259,1120.971642925210290,1604.506038010786597
129,8420.739799999999377,1120.976275232029138,1606.556231762969674
129,8426.962999999999738,1120.998683515955463,1616.627529121166390
129,8465.682399999999689,1121.125049981108759,1679.365939086485241
129,8497.693199999999706,1121.212006335181513,1731.336838301706166
129,8511.210600000000341,1121.243817235861798,1753.311597319295970
129,8523.782999999999447,1121.270737980675449,1773.765687859566469
129,8593.618399999999383,1121.372216569577176,1887.663622244127737
129,8637.019000000000233,1121.393028975178822,1958.699460224801896
129,8656.759899999999107,1121.391515244359425,1991.077104760734528
129,8670.325000000000728,1121.386453428821596,2013.350468561058733
129,8681.877500000000509,1121.379547133955612,2032.335414110627880
129,8684.306200000000899,1121.377790705725147,2036.328561031124991
129,8774.066399999999703,1121.238232658444758,2184.390164439373166
129,8776.459999999999127,1121.232516974941291,2188.351725562883985
129,8779.160700000000361,1121.225943670661081,2192.822409289798543
129,8783.033600000000661,1121.216287393402581,2199.235110901718144
129,8786.165999999999258,1121.208279305960787,2204.423069079475226
129,8821.832399999999325,1121.104634870841664,2263.582044688306269
129,8856.298000000000684,1120.982842687925086,2320.905426820657340
129,8864.750000000000000,1120.949756318289701,2334.986832519572999
129,8868.190500000000611,1120.935927248397093,2340.721600879101970
129,8921.949599999999919,1120.693030916457928,2430.539590595348272
129,8931.144700000000739,1120.646504459325115,2445.942590465966987
129,8933.281999999999243,1120.635484539507843,2449.524564644313614
129,8954.708599999999933,1120.520764438556853,2485.470221372398100
129,9047.929599999999482,1119.934999059408938,2642.646392153194029
129,9125.470999999999549,1119.348375896127209,2774.405478499393212
129,9165.166699999999764,1119.016866846482571,2842.231010553658962
129,9170.040000000000873,1118.974829958265218,2850.575561921623375
129,9222.590000000000146,1118.504378303558951,2940.808751823036800
129,9224.110800000000381,1118.490321018154191,2943.427025958943887
129,9227.030000000000655,1118.463272063428349,2948.453944325487100
129,9354.799999999999272,1117.207558057624965,3169.912363223540979
129,9356.787000000000262,1117.187133214788673,3173.378767939449517
129,9375.879600000000210,1116.989870321161334,3206.721906565064728
129,9377.329999999999927,1116.974815150467066,3209.257486614681511
129,9515.986999999999171,1115.512690305561364,3453.361030974079313
129,9660.434999999999491,1114.033933667627480,3711.172284876035519
129,9687.979999999999563,1113.769657996897195,3760.721571365226737
129,9720.829999999999927,1113.465593348478933,3819.966586438603372
129,9754.434999999999491,1113.169015781074222,3880.739066092139637
129,9787.185999999999694,1112.896113841007946,3940.121250748187322
129,9802.384000000000015,1112.775457869527600,3967.726818380539953
130,7440.946899999999914,1121.952989761785602,57.822311762165100
130,7474.496199999999590,1122.111036988241494,109.497932860111632
130,7490.933500000000095,1122.192826420411166,134.860619468473487
130,7505.935000000000400,1122.269923583167611,158.032771907984170
130,7516.720999999999549,1122.326780187821896,174.707874145663482
130,7537.848799999999756,1122.441537308856823,207.405739681885507
130,7546.121100000000297,1122.487667291174830,220.220355479861837
130,7589.502499999999600,1122.740195142062703,287.531954334896909
130,7603.638399999999820,1122.826177037077969,309.504313634098480
130,7637.207999999999629,1123.037172313433302,361.757598650985528
130,7687.361200000000281,1123.368756186362816,440.011414332806908
130,7696.657900000000154,1123.432172168972102,454.540866025874720
130,7856.984400000000278,1124.595213421122708,706.207033390194056
130,7945.365399999999681,1125.264421269638888,845.772417972928224
130,7950.362000000000080,1125.302232108645740,853.679559170157290
130,8008.359000000000378,1125.737940849070810,945.589794150039097
130,8016.989999999999782,1125.802058625326254,959.288021217533810
130,8061.721099999999751,1126.129909554599863,1030.364648978358673
130,8192.308199999999488,1127.021934568475444,1238.676168695079468
130,8233.896399999999630,1127.277638414004741,1305.276664987472486
130,8349.739999999999782,1127.892414796138837,1491.487064496202038
130,8368.045500000000175,1127.974555303845818,1521.009508144521533
130,8378.661000000000058,1128.020133868285029,1538.142492124826958
130,8379.909299999999348,1128.025392726329301,1540.157815042588254
130,8419.472700000000259,1128.180772775315063,1604.099489027926211
130,8420.739799999999377,1128.185379645406101,1606.149573289053478
130,8426.962999999999738,1128.207665312403378,1616.220329520799623
130,8465.682399999999689,1128.333355655199966,1678.955252550682417
130,8497.693199999999706,1128.419867275693150,1730.923125736850352
130,8511.210600000000341,1128.451521959491629,1752.896572033861958
130,8523.782999999999447,1128.478314491724177,1773.349424553081008
130,8593.618399999999383,1128.579390040820499,1887.240228094873146
130,8637.019000000000233,1128.600229172768422,1958.271469286160936
130,8656.759899999999107,1128.598802174932644,1990.646995016580604
130,8670.325000000000728,1128.593828026172559,2012.918895639467337
130,8681.877500000000509,1128.587014836583649,2031.902591537145099
130,8684.306200000000899,1128.585280171633258,2035.895475401847989
130,8774.066399999999703,1128.447090591256256,2183.947343118204117
130,8776.459999999999127,1128.441427214847408,2187.908645895042810
130,8779.160700000000361,1128.434913965153100,2192.379038307879910
130,8783.033600000000661,1128.425345735167639,2198.791322512299757
130,8786.165999999999258,1128.417410529443259,2203.978943405928476
130,8821.832399999999325,1128.314703516479540,2263.134102699050800
130,8856.298000000000684,1128.194011968993209,2320.453851369687072
130,8864.750000000000000,1128.161225825281463,2334.534376090344267
130,8868.190500000000611,1128.147522456333718,2340.268787090714795
130,8921.949599999999919,1127.906859564697925,2430.081299296287398
130,8931.144700000000739,1127.860767074319938,2445.483384478128755
130,8933.281999999999243,1127.849850246775532,2449.065147060699928
130,8954.708599999999933,1127.736210402103097,2485.008704479642347
130,9047.929599999999482,1127.156158860431333,2642.176261588412217
130,9125.470999999999549,1126.575557546665550,2773.928915324508125
130,9165.166699999999764,1126.247560090219167,2841.751434156626146
130,9170.040000000000873,1126.205973155710353,2850.095628972359918
130,9222.590000000000146,1125.740614569140007,2940.325160580705870
130,9224.110800000000381,1125.726710820422568,2942.943333914678988
130,9227.030000000000655,1125.699957476345844,2947.970059584964474
130,9354.799999999999272,1124.458026175974283,3169.421034295392019
130,9356.787000000000262,1124.437822818334325,3172.887337775159722
130,9375.879600000000210,1124.242686545142305,3206.229524573115668
130,9377.329999999999927,1124.227792637930634,3208.765033840447813
130,9515.986999999999171,1122.779935625374264,3452.862672533016394
130,9660.434999999999491,1121.308618375224796,3710.668959873508356
130,9687.979999999999563,1121.044057791113801,3760.217344729034266
130,9720.829999999999927,1120.738633234239387,3819.461275703485626
130,9754.434999999999491,1120.439327206081771,3880.232621774327527
130,9787.185999999999694,1120.162252226911505,3939.613662846973057
130,9802.384000000000015,1120.039088715581329,3967.218682756684757
131,7440.946899999999914,1129.220874873745743,57.356542307909422
131,7474.496199999999590,1129.376783113340480,109.037126411949430
131,7490.933500000000095,1129.457740205310529,134.401827766001816
131,7505.935000000000400,1129.534184859561492,157.575605216490430
131,7516.720999999999549,1129.590629540971349,174.251758879441695
131,7537.848799999999756,1129.704703411634455,206.951423537636629
131,7546.121100000000297,1129.750606050179613,219.766656572066722
131,7589.502499999999600,1130.002243975849751,287.080792508376135
131,7603.638399999999820,1130.088025264513362,309.053755546507091
131,7637.207999999999629,1130.298670531948801,361.308110730527915
131,7687.361200000000281,1130.629944465118569,439.562752240163263
131,7696.657900000000154,1130.693318113729674,454.092274954026152
131,7856.984400000000278,1131.855329703752204,705.757237749727210
131,7945.365399999999681,1132.523177147651495,845.320884070963075
131,7950.362000000000080,1132.560889221990465,853.227913664122980
131,8008.359000000000378,1132.995285588786601,945.136754451306501
131,8016.989999999999782,1133.059183156617337,958.834757844693854
131,8061.721099999999751,1133.385800592935539,1029.910151127969357
131,8192.308199999999488,1134.273597212633149,1238.217129787824888
131,8233.896399999999630,1134.527871636817963,1304.815791574457307
131,8349.739999999999782,1135.138881654608213,1491.019765206310694
131,8368.045500000000175,1135.220490809881085,1520.540993944020784
131,8378.661000000000058,1135.265772621876749,1537.673246661375970
131,8379.909299999999348,1135.270997165382596,1539.688482286026556
131,8419.472700000000259,1135.425358761544885,1603.627245710126545
131,8420.739799999999377,1135.429935373141916,1605.677232103264032
131,8426.962999999999738,1135.452074696760292,1615.747503447555573
131,8465.682399999999689,1135.576944004136067,1678.479251565476943
131,8497.693199999999706,1135.662903008286321,1730.444294661448566
131,8511.210600000000341,1135.694361257288620,1752.416490674604120
131,8523.782999999999447,1135.720991620702307,1772.868151305398897
131,8593.618399999999383,1135.821546808283529,1886.751844792512657
131,8637.019000000000233,1135.842404149712365,1957.778280395996489
131,8656.759899999999107,1135.841074859990158,1990.151533081390880
131,8670.325000000000728,1135.836200482549430,2012.421842969173667
131,8681.877500000000509,1135.829493216717310,2031.404166820691898
131,8684.306200000000899,1135.827783269105566,2035.396760299510561
131,8774.066399999999703,1135.691093591812432,2183.437514033047592
131,8776.459999999999127,1135.685485434170005,2187.398512649313489
131,8779.160700000000361,1135.679035402707541,2191.868561551567836
131,8783.033600000000661,1135.669559515262563,2198.280352575811776
131,8786.165999999999258,1135.661700441519088,2203.467574118765242
131,8821.832399999999325,1135.559949251033458,2262.618164733525191
131,8856.298000000000684,1135.440329303214867,2319.933485294043294
131,8864.750000000000000,1135.407826810852839,2334.012926167441947
131,8868.190500000000611,1135.394241160785668,2339.746896481382919
131,8921.949599999999919,1135.155575526424627,2429.552590972204143
131,8931.144700000000739,1135.109852012338024,2444.953528632850521
131,8933.281999999999243,1135.099021992171856,2448.535025502615099
131,8954.708599999999933,1134.986273004910117,2484.475942801880592
131,9047.929599999999482,1134.410442293408096,2641.632699654093813
131,9125.470999999999549,1133.833580535994315,2773.377573430333541
131,9165.166699999999764,1133.507498676688783,2841.196649965895176
131,9170.040000000000873,1133.466144848153363,2849.540449903915487
131,9222.590000000000146,1133.003248976530358,2939.766127641503317
131,9224.110800000000381,1132.989414761601665,2942.384200678623529
131,9227.030000000000655,1132.962794563763055,2947.410735621750518
131,9354.799999999999272,1131.726145504315127,3168.855638642559825
131,9356.787000000000262,1131.706014285150786,3172.321880922096170
131,9375.879600000000210,1131.511553664284975,3205.663525112809111
131,9377.329999999999927,1131.496709778260765,3208.198996415728288
131,9515.986999999999171,1130.052812661766666,3452.294404054258848
131,9660.434999999999491,1128.584658571875934,3710.096722646717808
131,9687.979999999999563,1128.320793058207300,3759.643293590033409
131,9720.829999999999927,1128.016331333500375,3818.884277395010486
131,9754.434999999999491,1127.718227285147350,3879.651507172698530
131,9787.185999999999694,1127.442613547122392,3939.027213914642743
131,9802.384000000000015,1127.320249757272904,3966.629238984360654
132,7440.946899999999914,1136.575520175733345,56.975218710534591
132,7474.496199999999590,1136.725700541982860,108.650566574945287
132,7490.933500000000095,1136.804210536831988,134.013256923423796
132,7505.935000000000400,1136.878607530698901,157.185476280424382
132,7516.720999999999549,1136.933682094207370,173.860658532880962
132,7537.848799999999756,1137.045300990439273,206.558744017618665
132,7546.121100000000297,1137.090319440619851,219.373464588324396
132,7589.502499999999600,1137.337944932219898,286.685720820749339
132,7603.638399999999820,1137.422619585049915,308.658314227014216
132,7637.207999999999629,1137.630968771873313,360.912146915587300
132,7687.361200000000281,1137.959527967444274,439.166644244921827
132,7696.657900000000154,1138.022475397228845,453.696191607835999
132,7856.984400000000278,1139.179445004802346,705.361420923567948
132,7945.365399999999681,1139.845467449406442,844.923554881155496
132,7950.362000000000080,1139.883084783713230,852.830446477964870
132,8008.359000000000378,1140.316423870057861,944.737257095602672
132,8016.989999999999782,1140.380169921936385,958.434891432576478
132,8061.721099999999751,1140.706024334864196,1029.508104191506845
132,8192.308199999999488,1141.591862485047386,1237.806466517814442
132,8233.896399999999630,1141.845637648199045,1304.401831406399197
132,8349.739999999999782,1142.455755431540410,1490.595780819806350
132,8368.045500000000175,1142.537305515041908,1520.115355931176055
132,8378.661000000000058,1142.582564664402298,1537.246644960203867
132,8379.909299999999348,1142.587787113807508,1539.261767068555400
132,8419.472700000000259,1142.742146510001476,1603.196917405629392
132,8420.739799999999377,1142.746725153183206,1605.246787732435905
132,8426.962999999999738,1142.768876390255627,1615.316488847605797
132,8465.682399999999689,1142.893893289124208,1678.044686280136602
132,8497.693199999999706,1142.980071857227813,1730.006797329017900
132,8511.210600000000341,1143.011649678318236,1751.977757703928546
132,8523.782999999999447,1143.038405595792710,1772.428270756703569
132,8593.618399999999383,1143.139906726130448,1886.305620473356612
132,8637.019000000000233,1143.161555913570282,1957.328130423860785
132,8656.759899999999107,1143.160634976252823,1989.699596345812097
132,8670.325000000000728,1143.156057645765941,2011.968676298969513
132,8681.877500000000509,1143.149613474819262,2030.949950545053071
132,8684.306200000000899,1143.147959988276625,2034.942323051901894
132,8774.066399999999703,1143.013601440266257,2182.974769650835242
132,8776.459999999999127,1143.008060995441610,2186.935541251972609
132,8779.160700000000361,1143.001687645156608,2191.405333551856074
132,8783.033600000000661,1142.992322228591092,2197.816755723799361
132,8786.165999999999258,1142.984552929458914,2203.003678163904624
132,8821.832399999999325,1142.883847533763856,2262.150808342872097
132,8856.298000000000684,1142.765269291078084,2319.462671231640797
132,8864.750000000000000,1142.733025256359497,2333.541244150112107
132,8868.190500000000611,1142.719545040017465,2339.274858693523129
132,8921.949599999999919,1142.482531579696797,2429.074788533436276
132,8931.144700000000739,1142.437089233878623,2444.474697597862814
132,8933.281999999999243,1142.426324414410146,2448.055953444659281
132,8954.708599999999933,1142.314224895226744,2483.994412552357517
132,9047.929599999999482,1141.741062876507158,2641.139486274492810
132,9125.470999999999549,1141.166109849434861,2772.873281581008541
132,9165.166699999999764,1140.840866854604883,2840.686200991342957
132,9170.040000000000873,1140.799609321105663,2849.029223641582576
132,9222.590000000000146,1140.337662802547356,2939.246253519551374
132,9224.110800000000381,1140.323853772627899,2941.864069734014720
132,9227.030000000000655,1140.297281585258588,2946.890110794928660
132,9354.799999999999272,1139.062467744659216,3168.312802250356526
132,9356.787000000000262,1139.042364474200667,3171.778701333829304
132,9375.879600000000210,1138.848179847977462,3205.117076801434450
132,9377.329999999999927,1138.833357600020008,3207.652302287566727
132,9515.986999999999171,1137.392681252529428,3451.727852503948270
132,9660.434999999999491,1135.934318532455109,3709.527966180809017
132,9687.979999999999563,1135.673775409362634,3759.078116997174220
132,9720.829999999999927,1135.374153087661398,3818.325732025214165
132,9754.434999999999491,1135.082155277578977,3879.102830761606128
132,9787.185999999999694,1134.813808147262080,3938.491639831811881
132,9802.384000000000015,1134.695314940131311,3966.101057481358566
133,7440.946899999999914,1143.740808384511638,56.541781227307183
133,7474.496199999999590,1143.895041830132186,108.214742246326523
133,7490.933500000000095,1143.975235784239658,133.576433287866848
133,7505.935000000000400,1144.051010175649026,156.747832308357374
133,7516.720999999999549,1144.106986051335980,173.422476494975626
133,7537.848799999999756,1144.220167569544856,206.119627167887529
133,7546.121100000000297,1144.265728510739109,218.934022750667054
133,7589.502499999999600,1144.515620662872834,286.244919854869067
133,7603.638399999999820,1144.600842750210631,308.217184835708167
133,7637.207999999999629,1144.810162753790564,360.470433627320290
133,7687.361200000000281,1145.139428962935654,438.724490623861811
133,7696.657900000000154,1145.202423392129958,453.254003097380291
133,7856.984400000000278,1146.357378111802063,704.919812234873234
133,7945.365399999999681,1147.020961948115655,844.482260186285203
133,7950.362000000000080,1147.058428817211052,852.389151591164818
133,8008.359000000000378,1147.489975410044053,944.295750605126273
133,8016.989999999999782,1147.553450757586234,957.993315981074943
133,8061.721099999999751,1147.877904494122959,1029.065989715065598
133,8192.308199999999488,1148.759900330539040,1237.360726877510388
133,8233.896399999999630,1149.012592627911999,1303.954218225946079
133,8349.739999999999782,1149.620197511108017,1490.141040244176565
133,8368.045500000000175,1149.701426632512039,1519.659239418377183
133,8378.661000000000058,1149.746509890733250,1536.789700893368945
133,8379.909299999999348,1149.751712157010388,1538.804724280252685
133,8419.472700000000259,1149.905487578922930,1602.736596924523838
133,8420.739799999999377,1149.910049333767347,1604.786357639189873
133,8426.962999999999738,1149.932119290317587,1614.855516372095735
133,8465.682399999999689,1150.056693668484968,1677.580194324567628
133,8497.693199999999706,1150.142590867157651,1729.539220783560722
133,8511.210600000000341,1150.174073506590503,1751.508835483108214
133,8523.782999999999447,1150.200753741136168,1771.958075707738317
133,8593.618399999999383,1150.302067170732698,1885.828038362612915
133,8637.019000000000233,1150.323806883973248,1956.845753964797041
133,8656.759899999999107,1150.322982016791229,1989.215006732210441
133,8670.325000000000728,1150.318491105243993,2011.482558363049748
133,8681.877500000000509,1150.312133829088225,2030.462527816827560
133,8684.306200000000899,1150.310500180618419,2034.454625755763118
133,8774.066399999999703,1150.177270291716013,2182.476971164108363
133,8776.459999999999127,1150.171770797528779,2186.437477316303557
133,8779.160700000000361,1150.165444347970833,2190.906970522006759
133,8783.033600000000661,1150.156147480088293,2197.317964573796871
133,8786.165999999999258,1150.148434739186087,2202.504541459939901
133,8821.832399999999325,1150.048444537621208,2261.647789294682298
133,8856.298000000000684,1149.930684141818119,2318.956013913208153
133,8864.750000000000000,1149.898660041541461,2333.033715119574026
133,8868.190500000000611,1149.885271559526700,2338.766977359411158
133,8921.949599999999919,1149.649859346737912,2428.561616141303602
133,8931.144700000000739,1149.604722808738643,2443.960664671988525
133,8933.281999999999243,1149.594030417839576,2447.541722523023964
133,8954.708599999999933,1149.482685159227231,2483.478240564754287
133,9047.929599999999482,1148.913402151954642,2640.615905672264034
133,9125.470999999999549,1148.342399730956231,2772.344986054200035
133,9165.166699999999764,1148.019416415537307,2840.156031640666242
133,9170.040000000000873,1147.978446560470275,2848.498849333728231
133,9222.590000000000146,1147.519732090415346,2938.714006209203490
133,9224.110800000000381,1147.506019887445746,2941.331777110492112
133,9227.030000000000655,1147.479634037593996,2946.357732537951051
133,9354.799999999999272,1146.253422707359732,3167.778137891322331
133,9356.787000000000262,1146.233457000410681,3171.244018472789321
133,9375.879600000000210,1146.040593505627612,3204.582230310101295
133,9377.329999999999927,1146.025871481490640,3207.117444240554505
133,9515.986999999999171,1144.594204676689515,3451.191477738219874
133,9660.434999999999491,1143.141563188860118,3708.983957440163067
133,9687.979999999999563,1142.881277350699293,3758.531076026253231
133,9720.829999999999927,1142.581465381821999,3817.774097938728119
133,9754.434999999999491,1142.288624357465324,3878.545204437317352
133,9787.185999999999694,1142.018722299931596,3937.926697580581276
133,9802.384000000000015,1141.899231507330569,3965.532160845380531
134,7440.946899999999914,1151.048880639144045,56.168406683096464
134,7474.496199999999590,1151.190790809351938,107.832132993695268
134,7490.933500000000095,1151.265663063242528,133.189883383877259
134,7505.935000000000400,1151.336958698575017,156.357994950008333
134,7516.720999999999549,1151.389925345646589,173.030448083852889
134,7537.848799999999756,1151.497692747821702,205.723700327366032
134,7546.121100000000297,1151.541297911044467,218.536703961782223
134,7589.502499999999600,1151.782299405300819,285.841420941936349
134,7603.638399999999820,1151.865075058508410,307.812041206001140
134,7637.207999999999629,1152.069358674836167,360.062015783704283
134,7687.361200000000281,1152.392838641648268,438.312591064261369
134,7696.657900000000154,1152.454955951795910,452.841614990017206
134,7856.984400000000278,1153.601250901502226,704.503896025515814
134,7945.365399999999681,1154.263032883222195,844.066223983454620
134,7950.362000000000080,1154.300425417776296,851.973111558780829
134,8008.359000000000378,1154.731214001408716,943.879565510619386
134,8016.989999999999782,1154.794586598500700,957.577085723192909
134,8061.721099999999751,1155.118515590099605,1028.649384005565480
134,8192.308199999999488,1155.998734186449610,1236.941170634511764
134,8233.896399999999630,1156.250728644333094,1303.533016836107890
134,8349.739999999999782,1156.856113139170702,1489.713283634345544
134,8368.045500000000175,1156.936972699256330,1519.230182593032168
134,8378.661000000000058,1156.981841818980229,1536.359857959879264
134,8379.909299999999348,1156.987018941451424,1538.374787373244317
134,8419.472700000000259,1157.140007113094953,1602.303517745874160
134,8420.739799999999377,1157.144544114546079,1604.353172665901184
134,8426.962999999999738,1157.166493067234114,1614.421807258348508
134,8465.682399999999689,1157.290341672681961,1677.143058721963826
134,8497.693199999999706,1157.375686926129220,1729.099047120055047
134,8511.210600000000341,1157.406953415550788,1751.067326348666256
134,8523.782999999999447,1157.433443048753588,1771.515297722301966
134,8593.618399999999383,1157.533921218783917,1885.377783111692452
134,8637.019000000000233,1157.555376071817591,1956.390533050163185
134,8656.759899999999107,1157.554491964856652,1988.757459810333557
134,8670.325000000000728,1157.549987930160796,2011.023391625294153
134,8681.877500000000509,1157.543637927474265,2030.001968910443338
134,8684.306200000000899,1157.542008017645003,2033.993772768973031
134,8774.066399999999703,1157.409495608105317,2182.004982850733995
134,8776.459999999999127,1157.404031550635409,2185.965186788550000
134,8779.160700000000361,1157.397746147172711,2190.434338791631944
134,8783.033600000000661,1157.388510114113842,2196.844843170767490
134,8786.165999999999258,1157.380848283097293,2202.031023704519612
134,8821.832399999999325,1157.281546838642498,2261.169744466415523
134,8856.298000000000684,1157.164645917448979,2318.473585183649902
134,8864.750000000000000,1157.132862054846782,2332.550212387573538
134,8868.190500000000611,1157.119574701543343,2338.283037721043002
134,8921.949599999999919,1156.885993204458146,2428.070887587286506
134,8931.144700000000739,1156.841216688737177,2443.468785208670852
134,8933.281999999999243,1156.830609923168140,2447.049576100842387
134,8954.708599999999933,1156.720163223872078,2482.983430779663195
134,9047.929599999999482,1156.155602142445105,2640.109876306836668
134,9125.470999999999549,1155.589416965147393,2771.830259289477908
134,9165.166699999999764,1155.269148962512872,2839.637137895421802
134,9170.040000000000873,1155.228521926432222,2847.979458853047163
134,9222.590000000000146,1154.773608102439539,2938.189480320061193
134,9224.110800000000381,1154.760008233301050,2940.807108856960440
134,9227.030000000000655,1154.733838301718379,2945.832792033383612
134,9354.799999999999272,1153.517197108150413,3167.242682894559948
134,9356.787000000000262,1153.497377869633738,3170.708422821159274
134,9375.879600000000210,1153.305910287143433,3204.045320682794227
134,9377.329999999999927,1153.291293365685533,3206.580437592290764
134,9515.986999999999171,1151.868630247122837,3450.647089821733516
134,9660.434999999999491,1150.421535115753841,3708.436059779795869
134,9687.979999999999563,1150.161664929943527,3757.983011874632211
134,9720.829999999999927,1149.862031686144974,3817.226050349685465
134,9754.434999999999491,1149.568995819897964,3877.997418652920715
134,9787.185999999999694,1149.298517798732064,3937.379408473012063
134,9802.384000000000015,1149.178625980798643,3964.985184250156635
135,7440.946899999999914,1158.375993952512772,55.797462428005929
135,7474.496199999999590,1158.502931899334271,107.455454560198632
135,7490.933500000000095,1158.571409048641272,132.810973540571695
135,7505.935000000000400,1158.637363960829134,155.977342744570933
135,7516.720999999999549,1158.686766958439875,172.648703010370127
135,7537.848799999999756,1158.788182084451819,205.340167347319266
135,7546.121100000000297,1158.829514341161257,218.152587954504270
135,7589.502499999999600,1159.060375153781706,285.455165949938419
135,7603.638399999999820,1159.140431660566037,307.425374015088437
135,7637.207999999999629,1159.339257614709368,359.674809836251143
135,7687.361200000000281,1159.656817050487916,437.925436730950196
135,7696.657900000000154,1159.718086183677542,452.454549560513215
135,7856.984400000000278,1160.857797195984176,704.119314902314727
135,7945.365399999999681,1161.519428251803674,843.681889924475627
135,7950.362000000000080,1161.556838439327748,851.588741882234899
135,8008.359000000000378,1161.987888578123375,943.494336493888113
135,8016.989999999999782,1162.051300393792189,957.191656266295922
135,8061.721099999999751,1162.375388457952795,1028.262607070807235
135,8192.308199999999488,1163.255222293413681,1236.547587972286010
135,8233.896399999999630,1163.506756535549812,1303.136455382475560
135,8349.739999999999782,1164.110087577976628,1489.306829894232351
135,8368.045500000000175,1164.190544629924943,1518.821996770662281
135,8378.661000000000058,1164.235174063582235,1535.950651423744603
135,8379.909299999999348,1164.240322738509349,1537.965460073029590
135,8419.472700000000259,1164.392388461918472,1601.890291614213083
135,8420.739799999999377,1164.396895461458371,1603.939819609938922
135,8426.962999999999738,1164.418696865440779,1614.007829205963390
135,8465.682399999999689,1164.541628166616874,1676.725139574937884
135,8497.693199999999706,1164.626233831332456,1728.677818374103481
135,8511.210600000000341,1164.657198485738490,1750.644690886312901
135,8523.782999999999447,1164.683414947611027,1771.091350668906443
135,8593.618399999999383,1164.782564917997206,1884.946537567481755
135,8637.019000000000233,1164.803416937920019,1955.954782932405351
135,8656.759899999999107,1164.802330549788849,1988.319678182317375
135,8670.325000000000728,1164.797716569242539,2010.584221915559510
135,8681.877500000000509,1164.791292645872772,2029.561622623906487
135,8684.306200000000899,1164.789649575260682,2033.553179811599875
135,8774.066399999999703,1164.657290298301632,2181.555460842706452
135,8776.459999999999127,1164.651848648391478,2185.515432001642694
135,8779.160700000000361,1164.645589739621300,2189.984321703263504
135,8783.033600000000661,1164.636393954233654,2196.394450567705917
135,8786.165999999999258,1164.628766626942706,2201.580327932523232
135,8821.832399999999325,1164.529983426180934,2260.715631021350873
135,8856.298000000000684,1164.413807920117506,2318.016227443787102
135,8864.750000000000000,1164.382236335701236,2332.092067390749889
135,8868.190500000000611,1164.369039300877148,2337.824573164726644
135,8921.949599999999919,1164.137163762712134,2427.607492703938988
135,8931.144700000000739,1164.092734403299573,2443.004557776089769
135,8933.281999999999243,1164.082210630693908,2446.585155551430944
135,8954.708599999999933,1163.972643567286013,2482.517081986809444
135,9047.929599999999482,1163.412875744428220,2639.635256056702929
135,9125.470999999999549,1162.851734786863517,2771.348808061668933
135,9165.166699999999764,1162.534342163713518,2839.152174631957678
135,9170.040000000000873,1162.494079082461894,2847.494063129497590
135,9222.590000000000146,1162.043206908776938,2937.699400907352356
135,9224.110800000000381,1162.029726568352999,2940.316893357164190
135,9227.030000000000655,1162.003786378541918,2945.342315234838679
135,9354.799999999999272,1160.797262397761870,3166.740756622838489
135,9356.787000000000262,1160.777595994726880,3170.206320509143552
135,9375.879600000000210,1160.587579815971822,3203.541535825889696
135,9377.329999999999927,1160.573071763685221,3206.076525673424840
135,9515.986999999999171,1159.159345375101339,3450.132090731183780
135,9660.434999999999491,1157.716302841106653,3707.915197513790190
135,9687.979999999999563,1157.456332758678172,3757.462336157831487
135,9720.829999999999927,1157.156150004381516,3816.706397736666077
135,9754.434999999999491,1156.862039012907644,3877.479877721155390
135,9787.185999999999694,1156.589988329799780,3936.865150256827292
135,9802.384000000000015,1156.469184695862623,3964.472917196467279
136,7440.946899999999914,1165.672341921453608,55.432591925604584
136,7474.496199999999590,1165.804594724640083,107.081520696099460
136,7490.933500000000095,1165.875305571076751,132.433025966821333
136,7505.935000000000400,1165.943100684925867,155.595964608304712
136,7516.720999999999549,1165.993715007027504,172.264990721197591
136,7537.848799999999756,1166.097245572117572,204.952191157334028
136,7546.121100000000297,1166.139317376777171,217.763049591137587
136,7589.502499999999600,1166.373304447035480,285.058359577507190
136,7603.638399999999820,1166.454127258274866,307.026513907630033
136,7637.207999999999629,1166.654328856480561,359.271636322355789
136,7687.361200000000281,1166.972917018449834,437.517144182764241
136,7696.657900000000154,1167.034257993098890,452.045463869802688
136,7856.984400000000278,1168.170993338185554,703.702187481576857
136,7945.365399999999681,1168.828860003116006,843.263152687927686
136,7950.362000000000080,1168.866034752750238,851.169941145961502
136,8008.359000000000378,1169.294258584717454,943.074884964927264
136,8016.989999999999782,1169.357240575643118,956.772112745729146
136,8061.721099999999751,1169.679095090844157,1027.842554990745612
136,8192.308199999999488,1170.552769043297985,1236.125067021107952
136,8233.896399999999630,1170.802579382115937,1302.712639780977497
136,8349.739999999999782,1171.402012126178533,1488.877681387944222
136,8368.045500000000175,1171.481991276525378,1518.391755727999680
136,8378.661000000000058,1171.526362099556991,1535.519744880039070
136,8379.909299999999348,1171.531481267272056,1537.534473732612923
136,8419.472700000000259,1171.682711828701486,1601.456609367623059
136,8420.739799999999377,1171.687195321443369,1603.506045713972753
136,8426.962999999999738,1171.708884226660757,1613.573600455259111
136,8465.682399999999689,1171.831226687939761,1676.287906894219532
136,8497.693199999999706,1171.915491575902706,1728.237883237383357
136,8511.210600000000341,1171.946352308641508,1750.203557714668023
136,8523.782999999999447,1171.972493469669416,1770.649074087480130
136,8593.618399999999383,1172.071599212716592,1884.497439325496543
136,8637.019000000000233,1172.092740254389582,1955.501096552975469
136,8656.759899999999107,1172.091864271584427,1987.863832549303424
136,8670.325000000000728,1172.087423102851744,2010.126870043926601
136,8681.877500000000509,1172.081164317613229,2029.102975010396449
136,8684.306200000000899,1172.079558053959545,2033.094258381483996
136,8774.066399999999703,1171.949055121468746,2181.086179536737291
136,8776.459999999999127,1171.943675842323501,2185.045870635587562
136,8779.160700000000361,1171.937488085262203,2189.514444275147980
136,8783.033600000000661,1171.928395770523821,2195.924119795242405
136,8786.165999999999258,1171.920853364247478,2201.109630436790667
136,8821.832399999999325,1171.823113720930451,2260.240761939612185
136,8856.298000000000684,1171.708076733359121,2317.537357496415552
136,8864.750000000000000,1171.676803243349696,2331.612224591475297
136,8868.190500000000611,1171.663729639820303,2337.344335534490710
136,8921.949599999999919,1171.433934861607213,2427.121200426151518
136,8931.144700000000739,1171.389889088962036,2442.517256349914533
136,8933.281999999999243,1171.379455595623540,2446.097620862032727
136,8954.708599999999933,1171.270816479174528,2482.027237947614140
136,9047.929599999999482,1170.715536504721740,2639.136121724626719
136,9125.470999999999549,1170.158613000170135,2770.843130139238383
136,9165.166699999999764,1169.843518960919937,2838.643633921657056
136,9170.040000000000873,1169.803543685259228,2846.985194871123440
136,9222.590000000000146,1169.355842454034700,2937.187337494073290
136,9224.110800000000381,1169.342455537526348,2939.804746647515003
136,9227.030000000000655,1169.316694909135776,2944.830010071941615
136,9354.799999999999272,1168.118237843572160,3166.223246229450979
136,9356.787000000000262,1168.098698580869268,3169.688752921224477
136,9375.879600000000210,1167.909903838093896,3203.023448179498700
136,9377.329999999999927,1167.895488523009590,3205.558400591234204
136,9515.986999999999171,1166.490420755717423,3449.611053037032434
136,9660.434999999999491,1165.055184438476545,3707.388645382220602
136,9687.979999999999563,1164.796444221313095,3756.933760323139722
136,9720.829999999999927,1164.497580097221771,3816.174745488888220
136,9754.434999999999491,1164.204627722977875,3876.944172819613414
136,9787.185999999999694,1163.933494851293972,3936.324434754407775
136,9802.384000000000015,1163.813038536449767,3963.929467051594202
137,7440.946899999999914,1172.927482139009498,55.082860848980090
137,7474.496199999999590,1173.061287464568750,106.717981409542517
137,7490.933500000000095,1173.132604971237470,132.063796354433862
137,7505.935000000000400,1173.200875288677935,155.222099841962972
137,7516.720999999999549,1173.251788567074300,171.888101073903499
137,7537.848799999999756,1173.355810262146179,204.570067401017468
137,7546.121100000000297,1173.398042953122740,217.379109444048254
137,7589.502499999999600,1173.632625536905607,284.666784566245497
137,7603.638399999999820,1173.713564766347190,306.633058635109819
137,7637.207999999999629,1173.913920621310581,358.874714982150181
137,7687.361200000000281,1174.232493347355103,437.117169254996725
137,7696.657900000000154,1174.293807366970896,451.645146169363670
137,7856.984400000000278,1175.429601261050948,703.301748031202806
137,7945.365399999999681,1176.086995296084524,842.863752316378623
137,7950.362000000000080,1176.124149792577327,850.770569273954379
137,8008.359000000000378,1176.552199309409161,942.675453971334946
137,8016.989999999999782,1176.615165229065497,956.372603288957407
137,8061.721099999999751,1176.936977664273400,1027.442309092262349
137,8192.308199999999488,1177.810885177537557,1235.719222879893096
137,8233.896399999999630,1178.060857409369646,1302.303928638891875
137,8349.739999999999782,1178.660861380726146,1488.458571127536288
137,8368.045500000000175,1178.740938709050852,1517.970724581919058
137,8378.661000000000058,1178.785366696879009,1535.097570673624432
137,8379.909299999999348,1178.790492591300563,1537.112163766208823
137,8419.472700000000259,1178.941935748699052,1601.029861310202932
137,8420.739799999999377,1178.946426004846444,1603.079151479848406
137,8426.962999999999738,1178.968148062793489,1613.145984957625842
137,8465.682399999999689,1179.090693664546961,1675.855690457684204
137,8497.693199999999706,1179.175121257583669,1727.801739442851385
137,8511.210600000000341,1179.206049055820131,1749.765728932674847
137,8523.782999999999447,1179.232251692987575,1770.209666491192820
137,8593.618399999999383,1179.331684502200687,1884.049128143152757
137,8637.019000000000233,1179.353020754796944,1955.047211335507654
137,8656.759899999999107,1179.352233426461908,1987.407419695764247
137,8670.325000000000728,1179.347853685237851,2009.668726492105861
137,8681.877500000000509,1179.341647784999395,2028.643362682470979
137,8684.306200000000899,1179.340052725234500,2032.634337952996930
137,8774.066399999999703,1179.210005080255996,2180.615103185682528
137,8776.459999999999127,1179.204639595199524,2184.574504310731754
137,8779.160700000000361,1179.198467543120842,2189.042751314720590
137,8783.033600000000661,1179.189398018195334,2195.451959441380041
137,8786.165999999999258,1179.181874282344097,2200.637092938641217
137,8821.832399999999325,1179.084364173339281,2259.763988310050536
137,8856.298000000000684,1178.969584676671502,2317.056597942575536
137,8864.750000000000000,1178.938380707557826,2331.130504472770554
137,8868.190500000000611,1178.925336193144176,2336.862226348199329
137,8921.949599999999919,1178.696063044887978,2426.633160136981132
137,8931.144700000000739,1178.652120628109742,2442.028229678120624
137,8933.281999999999243,1178.641711812543690,2445.608366091121752
137,8954.708599999999933,1178.533334382963858,2481.535720844181924
137,9047.929599999999482,1177.979544942676057,2638.635260437874877
137,9125.470999999999549,1177.424393274634213,2770.335057243870779
137,9165.166699999999764,1177.110425539451626,2838.132039810402603
137,9170.040000000000873,1177.070599461588699,2846.473175748156791
137,9222.590000000000146,1176.624664174510372,2936.670830857916371
137,9224.110800000000381,1176.611332707083875,2939.288112683064355
137,9227.030000000000655,1176.585679205090855,2944.313132093492641
137,9354.799999999999272,1175.392790531553374,3165.696224808092666
137,9356.787000000000262,1175.373350885606214,3169.161583144862561
137,9375.879600000000210,1175.185531796527812,3202.494871061077902
137,9377.329999999999927,1175.171191933417731,3205.029717966537191
137,9515.986999999999171,1173.773995999147019,3449.073608890465039
137,9660.434999999999491,1172.346997401607723,3706.847603904906464
137,9687.979999999999563,1172.089576046505272,3756.393216359059352
137,9720.829999999999927,1171.792077815628772,3815.635513593622363
137,9754.434999999999491,1171.500224420139148,3876.407239440753528
137,9787.185999999999694,1171.229797336504589,3935.790843238044545
137,9802.384000000000015,1171.109523325565078,3963.397848228766634
138,7440.946899999999914,1180.279699133604026,54.678951079124090
138,7474.496199999999590,1180.394805717899999,106.307291403136560
138,7490.933500000000095,1180.458158069346382,131.650294802383314
138,7505.935000000000400,1180.519783488676012,154.806296830356359
138,7516.720999999999549,1180.566264937682945,171.470788986837306
138,7537.848799999999756,1180.662386129254173,204.150125879612915
138,7546.121100000000297,1180.701789992232762,216.958248328940954
138,7589.502499999999600,1180.923708269003328,284.241990590184969
138,7603.638399999999820,1181.001227003506074,306.207268206625486
138,7637.207999999999629,1181.194646880118626,358.447024768863685
138,7687.361200000000281,1181.505462053520432,436.687626598627730
138,7696.657900000000154,1181.565623493294197,451.215362855687545
138,7856.984400000000278,1182.690373927715882,702.870380889279431
138,7945.365399999999681,1183.345318622861896,842.431872379035212
138,7950.362000000000080,1183.382360601015989,850.338642059528866
138,8008.359000000000378,1183.809167967947587,942.242759303628532
138,8016.989999999999782,1183.871951809976053,955.939755795226461
138,8061.721099999999751,1184.192797685288724,1027.008488082984059
138,8192.308199999999488,1185.063456399143433,1235.280644651695184
138,8233.896399999999630,1185.312273332862105,1301.863215992605546
138,8349.739999999999782,1185.909096345684020,1488.010424857848420
138,8368.045500000000175,1185.988717032212207,1517.521218388264515
138,8378.661000000000058,1186.032890486378619,1534.647254525880726
138,8379.909299999999348,1186.037986991163052,1536.661751365447117
138,8419.472700000000259,1186.188566107855650,1600.576292057240153
138,8420.739799999999377,1186.193031068093205,1602.625477817608044
138,8426.962999999999738,1186.214631243526810,1612.691795625447185
138,8465.682399999999689,1186.336513927451506,1675.398189002786694
138,8497.693199999999706,1186.420532962625430,1727.341372626847033
138,8511.210600000000341,1186.451330386127665,1749.304119890795619
138,8523.782999999999447,1186.477435631138860,1769.746885696969457
138,8593.618399999999383,1186.576780076792147,1883.579573882730529
138,8637.019000000000233,1186.598476576200937,1954.573244657291298
138,8656.759899999999107,1186.597963289979361,1986.931400164168053
138,8670.325000000000728,1186.593812197180114,2009.191280745462336
138,8681.877500000000509,1186.587826934965278,2028.164692672500223
138,8684.306200000000899,1186.586281287432030,2032.155409459449174
138,8774.066399999999703,1186.458779848460154,2180.126372135836846
138,8776.459999999999127,1186.453500745266865,2184.085505632448985
138,8779.160700000000361,1186.447427250492865,2188.553450306113518
138,8783.033600000000661,1186.438501068788355,2194.962224208431962
138,8786.165999999999258,1186.431094987363849,2200.147005929406987
138,8821.832399999999325,1186.335029064897753,2259.269860427783897
138,8856.298000000000684,1186.221814706771738,2316.558505683793101
138,8864.750000000000000,1186.191017657624570,2330.631431442553094
138,8868.190500000000611,1186.178141219170811,2336.362753134771083
138,8921.949599999999919,1185.951657063890252,2426.127364928492625
138,8931.144700000000739,1185.908218245342368,2441.521340568681808
138,8933.281999999999243,1185.897927421741997,2445.101222207897990
138,8954.708599999999933,1185.790750450760925,2481.026012427564183
138,9047.929599999999482,1185.242402949252892,2638.114191736057364
138,9125.470999999999549,1184.691728305055676,2769.804339389631423
138,9165.166699999999764,1184.379915456645222,2837.596343133664959
138,9170.040000000000873,1184.340344621467693,2845.936867245608028
138,9222.590000000000146,1183.897005823934705,2936.127935054227237
138,9224.110800000000381,1183.883744882255769,2938.745026877344571
138,9227.030000000000655,1183.858225979251529,2943.769681735994709
138,9354.799999999999272,1182.670170777059639,3165.137263141135918
138,9356.787000000000262,1182.650790279071316,3168.602391579929645
138,9375.879600000000210,1182.463517838955340,3201.933497639563939
138,9377.329999999999927,1182.449217969437996,3204.468180936090903
138,9515.986999999999171,1181.055395758765144,3448.498535919123242
138,9660.434999999999491,1179.634940075431132,3706.266578397243393
138,9687.979999999999563,1179.379922607706931,3755.812631607255753
138,9720.829999999999927,1179.086108572465719,3815.056346713520270
138,9754.434999999999491,1178.799163731140652,3875.830671712406001
138,9787.185999999999694,1178.534884436038510,3935.218089565938044
138,9802.384000000000015,1178.417998668040809,3962.827342858579868
139,7440.946899999999914,1187.563953235747022,54.298831581179911
139,7474.496199999999590,1187.684350482542641,105.929982572050903
139,7490.933500000000095,1187.749935231936433,131.274145277003299
139,7505.935000000000400,1187.813403731066501,154.431093012608244
139,7516.720999999999549,1187.861100296122459,171.096203361996231
139,7537.848799999999756,1187.959346902741800,203.776612725754376
139,7546.121100000000297,1187.999494685818945,216.585108422142866
139,7589.502499999999600,1188.224560046255874,283.870427795933438
139,7603.638399999999820,1188.302849382771001,305.836096021081403
139,7637.207999999999629,1188.497646568611117,358.076572639307187
139,7687.361200000000281,1188.809464140135105,436.317788050587296
139,7696.657900000000154,1188.869688266606090,450.845585956082687
139,7856.984400000000278,1189.991108648478303,702.499769023321278
139,7945.365399999999681,1190.642003289568720,842.059578580029211
139,7950.362000000000080,1190.678793808827777,849.966229417702152
139,8008.359000000000378,1191.102601010250055,941.868774137168430
139,8016.989999999999782,1191.164931880442509,955.565505269891560
139,8061.721099999999751,1191.483440674354142,1026.632724780822173
139,8192.308199999999488,1192.347864189990787,1234.899006612645735
139,8233.896399999999630,1192.595023915511092,1301.479200204714061
139,8349.739999999999782,1193.188394296013939,1487.618367275762466
139,8368.045500000000175,1193.267641559885760,1517.127694436866705
139,8378.661000000000058,1193.311620929597439,1534.252855771268514
139,8379.909299999999348,1193.316695699911406,1536.267248565998671
139,8419.472700000000259,1193.466705082892076,1600.178364805162573
139,8420.739799999999377,1193.471155617014347,1602.227436864983247
139,8426.962999999999738,1193.492688380023310,1612.293192668196525
139,8465.682399999999689,1193.614279495817755,1674.995958031778855
139,8497.693199999999706,1193.698221820150593,1726.935977266654618
139,8511.210600000000341,1193.729030646146612,1748.897345557127437
139,8523.782999999999447,1193.755169415215050,1769.338806937531672
139,8593.618399999999383,1193.855086332582687,1883.163897875642988
139,8637.019000000000233,1193.877446774607051,1954.152588945594971
139,8656.759899999999107,1193.877306853949221,1986.508426894314880
139,8670.325000000000728,1193.873436589820585,2008.766698966846661
139,8681.877500000000509,1193.867705440789905,2027.738731988914651
139,8684.306200000000899,1193.866214918391051,2031.729157918527108
139,8774.066399999999703,1193.741120327255203,2179.689223637545183
139,8776.459999999999127,1193.735914112973660,2183.648064880724633
139,8779.160700000000361,1193.729923328416135,2188.115679847763204
139,8783.033600000000661,1193.721116612028254,2194.523981045348592
139,8786.165999999999258,1193.713807879598562,2199.708380559490251
139,8821.832399999999325,1193.618892744461164,2258.826897491324871
139,8856.298000000000684,1193.506854135677713,2316.111397632600983
139,8864.750000000000000,1193.476353326162098,2330.183317336785422
139,8868.190500000000611,1193.463598259131459,2335.914230914347172
139,8921.949599999999919,1193.239057993038614,2425.672597047425370
139,8931.144700000000739,1193.195958449348382,2441.065533892009171
139,8933.281999999999243,1193.185746684467176,2444.645175502549137
139,8954.708599999999933,1193.079365537757667,2480.567591200024253
139,9047.929599999999482,1192.534487773452838,2637.646259665543312
139,9125.470999999999549,1191.986600754766187,2769.329786658672674
139,9165.166699999999764,1191.676149489728004,2837.118942944656737
139,9170.040000000000873,1191.636742245363621,2845.459144574514994
139,9222.590000000000146,1191.195115867535606,2935.647124295712274
139,9224.110800000000381,1191.181903079533413,2938.264137496484636
139,9227.030000000000655,1191.156476391223123,2943.288643145364404
139,9354.799999999999272,1189.972227827192910,3164.651850542971715
139,9356.787000000000262,1189.952904227198587,3168.116942552425826
139,9375.879600000000210,1189.766178085978709,3201.447742597026263
139,9377.329999999999927,1189.751919733201476,3203.982405818681855
139,9515.986999999999171,1188.362361497552229,3448.012344496630703
139,9660.434999999999491,1186.948567792911263,3705.779631736088959
139,9687.979999999999563,1186.695357518071205,3755.324856416084913
139,9720.829999999999927,1186.404027106475951,3814.567045206386410
139,9754.434999999999491,1186.120056690545653,3875.339042749768851
139,9787.185999999999694,1185.859170367175466,3934.723263980811225
139,9802.384000000000015,1185.744046272105606,3962.330667425014326
140,7440.946899999999914,1194.776105104366252,53.894198354372975
140,7474.496199999999590,1194.891824930932898,105.527193299133614
140,7490.933500000000095,1194.955385224256588,130.872184589813514
140,7505.935000000000400,1195.017142220195410,154.029843912133174
140,7516.720999999999549,1195.063682319515237,170.695439032991089
140,7537.848799999999756,1195.159827551074159,203.376731623239493
140,7546.121100000000297,1195.199207098663919,216.185548868817250
140,7589.502499999999600,1195.420675371292646,283.472326637843707
140,7603.638399999999820,1195.497927990384824,305.438386408083943
140,7637.207999999999629,1195.690477825638482,357.679626520129432
140,7687.361200000000281,1195.999375683164772,435.921546519262620
140,7696.657900000000154,1196.059102524657419,450.449418014759885
140,7856.984400000000278,1197.172978983353005,702.102194367893162
140,7945.365399999999681,1197.819920386867580,841.659263079449147
140,7950.362000000000080,1197.856485144412773,849.565722328134598
140,8008.359000000000378,1198.277651804016159,941.465783537949733
140,8016.989999999999782,1198.339587219477835,955.162106297370428
140,8061.721099999999751,1198.656043657203327,1026.227062039148223
140,8192.308199999999488,1199.514646351579358,1234.485536684868293
140,8233.896399999999630,1199.760096855412712,1301.062945645887112
140,8349.739999999999782,1200.349422577794485,1487.193831370933822
140,8368.045500000000175,1200.428155414428375,1516.701796067382475
140,8378.661000000000058,1200.471854776676992,1533.826162110252881
140,8379.909299999999348,1200.476897528904374,1535.840461148618260
140,8419.472700000000259,1200.625995649182187,1599.748582578395599
140,8420.739799999999377,1200.630420426541150,1601.797558037578938
140,8426.962999999999738,1200.651829884820700,1611.862838840356289
140,8465.682399999999689,1200.772776744412113,1674.562629981063310
140,8497.693199999999706,1200.856353427123395,1726.500169700073684
140,8511.210600000000341,1200.887055076689876,1748.460486397304066
140,8523.782999999999447,1200.913119897668594,1768.900967612342811
140,8593.618399999999383,1201.013089525989017,1882.720585363076225
140,8637.019000000000233,1201.035886228303298,1953.705857223797466
140,8656.759899999999107,1201.036047532312750,1986.060136636584275
140,8670.325000000000728,1201.032421263391598,2008.317336690392949
140,8681.877500000000509,1201.026921504189204,2027.288456090155250
140,8684.306200000000899,1201.025482372986744,2031.278689871844108
140,8774.066399999999703,1200.902935426426893,2179.231634626783489
140,8776.459999999999127,1200.897813782319190,2183.190285391397538
140,8779.160700000000361,1200.891919407215255,2187.657685398620288
140,8783.033600000000661,1200.883252765443331,2194.065678255634793
140,8786.165999999999258,1200.876058884657596,2199.249828313278613
140,8821.832399999999325,1200.782547072749594,2258.365499993172762
140,8856.298000000000684,1200.672022521035615,2315.647240805477395
140,8864.750000000000000,1200.641915143610504,2329.718482117479653
140,8868.190500000000611,1200.629322613711565,2335.449119335019532
140,8921.949599999999919,1200.407488508585402,2425.203149436615604
140,8931.144700000000739,1200.364880618193865,2440.595340912824668
140,8933.281999999999243,1200.354784228577500,2444.174809099718459
140,8954.708599999999933,1200.249581388251272,2480.095482491137773
140,9047.929599999999482,1199.710195892687125,2637.166481155504698
140,9125.470999999999549,1199.167136976478105,2768.843501714472950
140,9165.166699999999764,1198.859175642002583,2836.629281062590508
140,9170.040000000000873,1198.820073095261023,2844.969066080597713
140,9222.590000000000146,1198.381700815405111,2935.152528235290447
140,9224.110800000000381,1198.368581076213331,2937.769410085722484
140,9227.030000000000655,1198.343332782097150,2942.793663522458246
140,9354.799999999999272,1197.166542495045860,3164.145787575034319
140,9356.787000000000262,1197.147328857075536,3167.610707804039521
140,9375.879600000000210,1196.961650000043164,3200.939861019362979
140,9377.329999999999927,1196.947470532280931,3203.474399455833009
140,9515.986999999999171,1195.565179995070821,3447.492846785116853
140,9660.434999999999491,1194.159807610840289,3705.250335391579029
140,9687.979999999999563,1193.908609115684840,3754.794160080094116
140,9720.829999999999927,1193.619979104108552,3814.034956049088578
140,9754.434999999999491,1193.339197718556306,3874.805890591965181
140,9787.185999999999694,1193.081936586610482,3934.189484774963148
140,9802.384000000000015,1192.968699532815663,3961.796751393767408
141,7440.946899999999914,1202.078734707638205,53.500831654758031
141,7474.496199999999590,1202.203302454883897,105.135140471484874
141,7490.933500000000095,1202.270333734903943,130.480750619752143
141,7505.935000000000400,1202.334813841492405,153.638959859195438
141,7516.720999999999549,1202.383068100881019,170.304941324748597
141,7537.848799999999756,1202.482027590264352,202.986967992022301
141,7546.121100000000297,1202.522326997810751,215.796064209774386
141,7589.502499999999600,1202.747160101684130,283.084222486616682
141,7603.638399999999820,1202.825046114177894,305.050700536652585
141,7637.207999999999629,1203.018353817688421,357.292867055625265
141,7687.361200000000281,1203.326836598319233,435.535981408323323
141,7696.657900000000154,1203.386328947367701,450.064047483711192
141,7856.984400000000278,1204.492524139997158,701.718640696547936
141,7945.365399999999681,1205.134976974675510,841.275267727538903
141,7950.362000000000080,1205.171320283828891,849.181667580093745
141,8008.359000000000378,1205.590261857629685,941.080755222390735
141,8016.989999999999782,1205.651924797352649,954.776887444074760
141,8061.721099999999751,1205.967229983920561,1025.840661042796455
141,8192.308199999999488,1206.824972939925374,1234.093765970768800
141,8233.896399999999630,1207.070859585396192,1300.668857209576117
141,8349.739999999999782,1207.662728919137862,1486.791775216114047
141,8368.045500000000175,1207.741994022045219,1516.298285124247286
141,8378.661000000000058,1207.786013185446109,1533.421784168642716
141,8379.909299999999348,1207.791094029614896,1535.435980141788150
141,8419.472700000000259,1207.941443032249026,1599.340716452089055
141,8420.739799999999377,1207.945909027781454,1601.389579772462866
141,8426.962999999999738,1207.967521727395933,1611.454306546050702
141,8465.682399999999689,1208.089754752499630,1674.150531642608030
141,8497.693199999999706,1208.174405699965064,1726.084975812671928
141,8511.210600000000341,1208.205559179309603,1748.043947662816208
141,8523.782999999999447,1208.232041671747083,1768.483158911702958
141,8593.618399999999383,1208.334246140320374,1882.295416260220691
141,8637.019000000000233,1208.358322819806062,1953.275888254271194
141,8656.759899999999107,1208.359031604105439,1985.627937547375041
141,8670.325000000000728,1208.355768041013334,2007.883590466728265
141,8681.877500000000509,1208.350568293513788,2026.853383732677230
141,8684.306200000000899,1208.349191184946221,2030.843337785007861
141,8774.066399999999703,1208.228683166708151,2178.785778838723672
141,8776.459999999999127,1208.223609451304355,2182.744146652854852
141,8779.160700000000361,1208.217768785846147,2187.211227328753921
141,8783.033600000000661,1208.209178492339788,2193.618762126464844
141,8786.165999999999258,1208.202045789709928,2198.802541613287303
141,8821.832399999999325,1208.109196977423153,2257.913992683183551
141,8856.298000000000684,1207.999263266071694,2315.191667043100551
141,8864.750000000000000,1207.969294942688748,2329.261915246767785
141,8868.190500000000611,1207.956758481122506,2334.992148823797379
141,8921.949599999999919,1207.735774909255724,2424.739934819467635
141,8931.144700000000739,1207.693310683818936,2440.131073284980175
141,8933.281999999999243,1207.683247741553032,2443.710297467980581
141,8954.708599999999933,1207.578382780372976,2479.628541833315921
141,9047.929599999999482,1207.040636028879135,2636.689436348861364
141,9125.470999999999549,1206.499387913868077,2768.358827163325714
141,9165.166699999999764,1206.192597886285739,2836.141045622782258
141,9170.040000000000873,1206.153652561525860,2844.480411397430089
141,9222.590000000000146,1205.717179158768658,2934.659619814100097
141,9224.110800000000381,1205.704120134083723,2937.276386119126983
141,9227.030000000000655,1205.678989315985291,2942.300418996501321
141,9354.799999999999272,1204.508538140058363,3163.644575925350637
141,9356.787000000000262,1204.489440371517503,3167.109399554438824
141,9375.879600000000210,1204.304897209312230,3200.437668769767242
141,9377.329999999999927,1204.290805585491398,3202.972143334718567
141,9515.986999999999171,1202.917348606700671,3446.986629213267861
141,9660.434999999999491,1201.518152879146328,3704.744160618633032
141,9687.979999999999563,1201.267008450336562,3754.288378427028874
141,9720.829999999999927,1200.977658630976748,3813.529758233335542
141,9754.434999999999491,1200.695053115653309,3874.301387710270319
141,9787.185999999999694,1200.434718755684344,3933.685716836270331
141,9802.384000000000015,1200.319548912847722,3961.293332294642823
142,7440.946899999999914,1209.299349203967267,53.071628952830224
142,7474.496199999999590,1209.421238235724104,104.717772363616405
142,7490.933500000000095,1209.487286873264338,130.068309013262478
142,7505.935000000000400,1209.551034207719340,153.230555915228706
142,7516.720999999999549,1209.598849297672814,169.899185282268036
142,7537.848799999999756,1209.697138095016044,202.585819468670934
142,7546.121100000000297,1209.737236522422791,215.396522449604618
142,7589.502499999999600,1209.961479372013855,282.691473078136596
142,7603.638399999999820,1210.039310034342407,304.659628078991545
142,7637.207999999999629,1210.232679270354311,356.904863328403280
142,7687.361200000000281,1210.541575235978598,435.150526467298732
142,7696.657900000000154,1210.601166165476798,449.678838202234601
142,7856.984400000000278,1211.708467862674297,701.330347012404218
142,7945.365399999999681,1212.350124598387083,840.882046498827776
142,7950.362000000000080,1212.386383611388283,848.788140660572026
142,8008.359000000000378,1212.804039506733943,940.683591214640614
142,8016.989999999999782,1212.865464124243772,954.379175136483241
142,8061.721099999999751,1213.179353235666440,1025.440113414334064
142,8192.308199999999488,1214.031586200926313,1233.685301013870458
142,8233.896399999999630,1214.275453509027329,1300.258020202894613
142,8349.739999999999782,1214.861676615350916,1486.374559954968845
142,8368.045500000000175,1214.940102047658229,1515.880066099640999
142,8378.661000000000058,1214.983646413445740,1533.002980261814173
142,8379.909299999999348,1214.988672064197090,1535.017107286510054
142,8419.472700000000259,1215.137351168832993,1598.919632863281777
142,8420.739799999999377,1215.141766474934911,1600.968424381537034
142,8426.962999999999738,1215.163132980363343,1611.032797423821194
142,8465.682399999999689,1215.283945821716543,1673.726774420235415
142,8497.693199999999706,1215.367585362737827,1725.659283934285895
142,8511.210600000000341,1215.398360842189504,1747.617413890639682
142,8523.782999999999447,1215.424519566433219,1768.055827294487017
142,8593.618399999999383,1215.525454746067453,1881.863351843328928
142,8637.019000000000233,1215.549232524795570,1952.840583698581440
142,8656.759899999999107,1215.549937408430878,1985.191073699300887
142,8670.325000000000728,1215.546720131949314,2007.445622479344365
142,8681.877500000000509,1215.541591543867753,2026.414453911508190
142,8684.306200000000899,1215.540233125627310,2030.404203204049736
142,8774.066399999999703,1215.421328696205364,2178.338432021772860
142,8776.459999999999127,1215.416321924345539,2182.296563313153001
142,8779.160700000000361,1215.410558276194251,2186.763376017780047
142,8783.033600000000661,1215.402081169398571,2193.170524495615609
142,8786.165999999999258,1215.395042368388886,2198.353989770079352
142,8821.832399999999325,1215.303409281277709,2257.461752857506326
142,8856.298000000000684,1215.194898703570516,2314.735673826416132
142,8864.750000000000000,1215.165315174916714,2328.804973875891392
142,8868.190500000000611,1215.152939273719767,2334.534818434465706
142,8921.949599999999919,1214.934745384410917,2424.276305173329092
142,8931.144700000000739,1214.892808235661960,2439.666326725019189
142,8933.281999999999243,1214.882869764428506,2443.245289739016698
142,8954.708599999999933,1214.779291947875436,2479.160884629790417
142,9047.929599999999482,1214.247851745406706,2636.209696175502359
142,9125.470999999999549,1213.712435257322795,2767.868613230521532
142,9165.166699999999764,1213.408713220701884,2835.645445182107323
142,9170.040000000000873,1213.370144861938115,2843.984152379538045
142,9222.590000000000146,1212.937701138853527,2934.156343228263268
142,9224.110800000000381,1212.924757119096512,2936.772909533637176
142,9227.030000000000655,1212.899846701388014,2941.796559119854919
142,9354.799999999999272,1211.738305602402079,3163.125117919454169
142,9356.787000000000262,1211.719330928942554,3166.589723357033563
142,9375.879600000000210,1211.535939930460017,3199.915945085914245
142,9377.329999999999927,1211.521933502258889,3202.450267866257491
142,9515.986999999999171,1210.154879583586990,3446.453249991282064
142,9660.434999999999491,1208.758500065913040,3704.207014635983796
142,9687.979999999999563,1208.507531865106102,3753.751658418265833
142,9720.829999999999927,1208.218306721184490,3812.994057707997854
142,9754.434999999999491,1207.935785077980427,3873.767312170419245
142,9787.185999999999694,1207.675555685301788,3933.153791071114938
142,9802.384000000000015,1207.560463587839649,3960.762591971822985
143,7440.946899999999914,1216.557362154030670,52.695521597624520
143,7474.496199999999590,1216.680632590737559,104.333606662641614
143,7490.933500000000095,1216.747268119266664,129.680958287428439
143,7505.935000000000400,1216.811500361751769,152.840690556887921
143,7516.720999999999549,1216.859634590578708,169.507726591878509
143,7537.848799999999756,1216.958478203640425,202.191717480616944
143,7546.121100000000297,1216.998768904162034,215.001545203265096
143,7589.502499999999600,1217.223797648642403,282.293179667246250
143,7603.638399999999820,1217.301806396596248,304.260655924482307
143,7637.207999999999629,1217.495452940466521,356.504919263069269
143,7687.361200000000281,1217.804406306327110,434.750431037615726
143,7696.657900000000154,1217.863964192666572,449.278843148645819
143,7856.984400000000278,1218.968964276927409,700.934523054487727
143,7945.365399999999681,1219.608368625076309,840.487897781251831
143,7950.362000000000080,1219.644488159541197,848.394035829200675
143,8008.359000000000378,1220.060469617847730,940.289499879992491
143,8016.989999999999782,1220.121639168281490,953.985002911577908
143,8061.721099999999751,1220.434199756499765,1025.045156707745718
143,8192.308199999999488,1221.282748689751770,1233.284494469254014
143,8233.896399999999630,1221.525588807856593,1299.854293067405251
143,8349.739999999999782,1222.109555004404456,1485.960468556949081
143,8368.045500000000175,1222.187719628827608,1515.464088490145969
143,8378.661000000000058,1222.231125915893927,1532.585883555747159
143,8379.909299999999348,1222.236135974254466,1534.599877824971827
143,8419.472700000000259,1222.384392725373800,1598.498080873010849
143,8420.739799999999377,1222.388796842683860,1600.546730565310781
143,8426.962999999999738,1222.410110535050308,1610.610404293851843
143,8465.682399999999689,1222.530675597107802,1673.299938402132057
143,8497.693199999999706,1222.614217003911790,1725.228678533282618
143,8511.210600000000341,1222.644980350346941,1747.185197399513072
143,8523.782999999999447,1222.671143455917900,1767.622104452026861
143,8593.618399999999383,1222.772376803675570,1881.421190215215802
143,8637.019000000000233,1222.796569830679800,1952.393186384911814
143,8656.759899999999107,1222.797520146447368,1984.741314218022353
143,8670.325000000000728,1222.794491509032241,2006.994250001765522
143,8681.877500000000509,1222.789536189220371,2025.961715396659201
143,8684.306200000000899,1222.788215656931470,2029.951178475380402
143,8774.066399999999703,1222.671049375997654,2177.875126581600398
143,8776.459999999999127,1222.666097490287029,2181.832992926017596
143,8779.160700000000361,1222.660396270848196,2186.299507333932524
143,8783.033600000000661,1222.652009609583502,2192.706229243693542
143,8786.165999999999258,1222.645044748780492,2197.889350553552049
143,8821.832399999999325,1222.554301690568991,2256.993265270400116
143,8856.298000000000684,1222.446730422225983,2314.263592122891623
143,8864.750000000000000,1222.417388340731804,2328.332030221667537
143,8868.190500000000611,1222.405111922432070,2334.061526138935278
143,8921.949599999999919,1222.188556847536574,2423.797734751071403
143,8931.144700000000739,1222.146914801949606,2439.186885620702014
143,8933.281999999999243,1222.137045499247279,2442.765647597442694
143,8954.708599999999933,1222.034172637362190,2478.679254977010714
143,9047.929599999999482,1221.506011497427835,2635.719993638399501
143,9125.470999999999549,1220.973529327370443,2767.372851729504873
143,9165.166699999999764,1220.671367036724405,2835.146785438902953
143,9170.040000000000873,1220.632992655008138,2843.485145573005866
143,9222.590000000000146,1220.202675599133727,2933.653708336983527
143,9224.110800000000381,1220.189794110541925,2936.270172666768303
143,9227.030000000000655,1220.165003885450915,2941.293626973517348
143,9354.799999999999272,1219.008985255131620,3162.614235579000251
143,9356.787000000000262,1218.990101671497996,3166.078727092186455
143,9375.879600000000210,1218.807596897428994,3199.403871412810076
143,9377.329999999999927,1218.793658645806318,3201.938113664012690
143,9515.986999999999171,1217.433924837489712,3445.934546290427534
143,9660.434999999999491,1216.048244996740777,3703.685965437257437
143,9687.979999999999563,1215.799917421472401,3753.231099870849448
143,9720.829999999999927,1215.514184456668318,3812.474652369076466
143,9754.434999999999491,1215.235678618302472,3873.249842612786779
143,9787.185999999999694,1214.979859257907037,3932.639079919606957
143,9802.384000000000015,1214.866999469041048,3960.249495018915695
144,7440.946899999999914,1223.852107612245163,52.263830102379416
144,7474.496199999999590,1223.974774562725543,103.907283741516494
144,7490.933500000000095,1224.041212012687993,129.256976097407232
144,7505.935000000000400,1224.105307424379816,152.418688218381931
144,7516.720999999999549,1224.153364952103175,169.087059098450936
144,7537.848799999999756,1224.252100302500821,201.773459087151195
144,7546.121100000000297,1224.292360708073602,214.584158673746742
144,7589.502499999999600,1224.517296404925673,281.879751674266799
144,7603.638399999999820,1224.595285472486694,303.848308841970720
144,7637.207999999999629,1224.788875140395703,356.094762483053955
144,7687.361200000000281,1225.097647943693346,434.342649025887113
144,7696.657900000000154,1225.157152767196521,448.871393667119492
144,7856.984400000000278,1226.259839418880802,700.528533673967104
144,7945.365399999999681,1226.896775959690558,840.080034993798790
144,7950.362000000000080,1226.932734236896522,847.986023478535117
144,8008.359000000000378,1227.346710286724374,939.879457079659005
144,8016.989999999999782,1227.407563596625550,953.574614667606284
144,8061.721099999999751,1227.718433973747096,1024.632816409872248
144,8192.308199999999488,1228.561948128175572,1232.865132490667293
144,8233.896399999999630,1228.803300345938396,1299.432349900061809
144,8349.739999999999782,1229.383881805814099,1485.530629434970706
144,8368.045500000000175,1229.461646808034402,1515.032917460333692
144,8378.661000000000058,1229.504841177655862,1532.153930591128301
144,8379.909299999999348,1229.509827297692254,1534.167832459105512
144,8419.472700000000259,1229.657436619122336,1598.063059297955533
144,8420.739799999999377,1229.661823669492605,1600.111612184792875
144,8426.962999999999738,1229.683056940821643,1610.174809167051308
144,8465.682399999999689,1229.803251591571097,1672.861330023589289
144,8497.693199999999706,1229.886661227155400,1724.787520837313423
144,8511.210600000000341,1229.917417571461556,1746.742948276702464
144,8523.782999999999447,1229.943600386033040,1767.178832582314044
144,8593.618399999999383,1230.045405928943865,1880.972113061802929
144,8637.019000000000233,1230.070345430807038,1951.940406055462972
144,8656.759899999999107,1230.071731263668426,1984.286828266162047
144,8670.325000000000728,1230.069035608726608,2006.538584971341834
144,8681.877500000000509,1230.064385025742240,2025.505041944548111
144,8684.306200000000899,1230.063130995616802,2029.494292538667651
144,8774.066399999999703,1229.948973082343173,2177.410287295093894
144,8776.459999999999127,1229.944114888013701,2181.367939311450755
144,8779.160700000000361,1229.938520136628085,2185.834211781333124
144,8783.033600000000661,1229.930287537210688,2192.240586541929133
144,8786.165999999999258,1229.923448458289158,2197.423426908830152
144,8821.832399999999325,1229.834207431222012,2256.524133415612141
144,8856.298000000000684,1229.728195806957501,2313.791347896523348
144,8864.750000000000000,1229.699250094951367,2327.859021595329068
144,8868.190500000000611,1229.687136429434986,2333.588206269075272
144,8921.949599999999919,1229.473212018132699,2423.319550237356452
144,8931.144700000000739,1229.432032900939703,2438.707869754618059
144,8933.281999999999243,1229.422271596742576,2442.286438562275634
144,8954.708599999999933,1229.320488112911107,2478.198111282874834
144,9047.929599999999482,1228.797088889387851,2635.230504858690892
144,9125.470999999999549,1228.268358024594363,2766.876576588501393
144,9165.166699999999764,1227.967958409958101,2834.647115249244962
144,9170.040000000000873,1227.929791103483012,2842.985062902627305
144,9222.590000000000146,1227.501560075293355,2933.149244097711744
144,9224.110800000000381,1227.488734714638667,2935.765583529260766
144,9227.030000000000655,1227.464051528395657,2940.788798406138085
144,9354.799999999999272,1226.311780736350784,3162.099365741256861
144,9356.787000000000262,1226.292941167280105,3165.563708264716297
144,9375.879600000000210,1226.110839082954726,3198.887432591075594
144,9377.329999999999927,1226.096929968021186,3201.421567831127504
144,9515.986999999999171,1224.739360793529841,3445.408316589226160
144,9660.434999999999491,1223.356930510958591,3703.150554635239132
144,9687.979999999999563,1223.109794756730935,3752.693983091062819
144,9720.829999999999927,1222.825908399512855,3811.935492286846966
144,9754.434999999999491,1222.549891260968479,3872.708563508884254
144,9787.185999999999694,1222.297220414709045,3932.095685368476552
144,9802.384000000000015,1222.186106612682579,3959.705095033739781
145,7440.946899999999914,1231.086530986042362,51.887075999772151
145,7474.496199999999590,1231.213682314520156,103.533477909487829
145,7490.933500000000095,1231.281814376846569,128.884453618836460
145,7505.935000000000400,1231.347199346998650,152.047251130518589
145,7516.720999999999549,1231.396043741342964,168.716354144437219
145,7537.848799999999756,1231.496008942618573,201.404077332895213
145,7546.121100000000297,1231.536646959032169,214.215256776283468
145,7589.502499999999600,1231.762735598725158,281.513041612857478
145,7603.638399999999820,1231.840839443707864,303.482203531870482
145,7637.207999999999629,1232.034284793746565,355.729898296540341
145,7687.361200000000281,1232.341984631400919,433.979177793836243
145,7696.657900000000154,1232.401203898599533,448.508125489969188
145,7856.984400000000278,1233.496955896876898,700.166533767554711
145,7945.365399999999681,1234.129836273307546,839.717226384483865
145,7950.362000000000080,1234.165578483676654,847.623141059389809
145,8008.359000000000378,1234.577188248639231,939.515506342719505
145,8016.989999999999782,1234.637713188284351,953.210471983895218
145,8061.721099999999751,1234.946984864721799,1024.267543290172398
145,8192.308199999999488,1235.786766723442952,1232.495252016262384
145,8233.896399999999630,1236.027175726133464,1299.060586215723106
145,8349.739999999999782,1236.605541545204460,1485.152532147660850
145,8368.045500000000175,1236.682995522390229,1514.653671466239985
145,8378.661000000000058,1236.726013050037409,1531.773999948467917
145,8379.909299999999348,1236.730978534560791,1533.787820415569968
145,8419.472700000000259,1236.877949718154241,1597.680370480491774
145,8420.739799999999377,1236.882316807268808,1599.728834545734117
145,8426.962999999999738,1236.903452445548282,1609.791592520138693
145,8465.682399999999689,1237.023054322382222,1672.475279189190587
145,8497.693199999999706,1237.105993172543094,1724.398995056368904
145,8511.210600000000341,1237.136556392461671,1746.353342259645160
145,8523.782999999999447,1237.162562923551377,1766.788203442289159
145,8593.618399999999383,1237.263462971613080,1880.575489280137617
145,8637.019000000000233,1237.287926921985672,1951.539806381170138
145,8656.759899999999107,1237.289127071812800,1983.884361656669171
145,8670.325000000000728,1237.286317108127605,2006.134815512191608
145,8681.877500000000509,1237.281578614876480,2025.100150609139746
145,8684.306200000000899,1237.280307276108033,2029.089163944789334
145,8774.066399999999703,1237.165864665322260,2176.996085845913058
145,8776.459999999999127,1237.161010150227639,2180.953488813381682
145,8779.160700000000361,1237.155420372617073,2185.419479905148364
145,8783.033600000000661,1237.147196449625653,2191.825450475986145
145,8786.165999999999258,1237.140365739356866,2197.007963356990786
145,8821.832399999999325,1237.051310972240344,2256.104907952529629
145,8856.298000000000684,1236.945655848731349,2313.368439905554624
145,8864.750000000000000,1236.916826920760059,2327.435205204689737
145,8868.190500000000611,1236.904764297471729,2333.164019622511660
145,8921.949599999999919,1236.691921038270493,2422.889555720655153
145,8931.144700000000739,1236.650984033182567,2438.276880273857842
145,8933.281999999999243,1236.641281550822441,2441.855217859397726
145,8954.708599999999933,1236.540142365418887,2477.764574737924704
145,9047.929599999999482,1236.020808001000432,2634.787033742101812
145,9125.470999999999549,1235.497188607862881,2766.425218924374349
145,9165.166699999999764,1235.200046915786061,2834.191933524204160
145,9170.040000000000873,1235.162309362111273,2842.529423891958686
145,9222.590000000000146,1234.739112851450273,2932.688867857762034
145,9224.110800000000381,1234.726443747907524,2935.305075877988202
145,9227.030000000000655,1234.702062096612735,2940.328039465734491
145,9354.799999999999272,1233.564707162919376,3161.629017001308966
145,9356.787000000000262,1233.546119055182317,3165.093234763588498
145,9375.879600000000210,1233.366447462943142,3198.415802662968417
145,9377.329999999999927,1233.352723811683518,3200.949853235105820
145,9515.986999999999171,1232.012098423096404,3444.930765655508367
145,9660.434999999999491,1230.638399747514995,3702.672145029023341
145,9687.979999999999563,1230.390630954390417,3752.216037364575641
145,9720.829999999999927,1230.104555998914975,3811.458355114675214
145,9754.434999999999491,1229.824392022361053,3872.232530954140657
145,9787.185999999999694,1229.565490246531454,3931.620985406951149
145,9802.384000000000015,1229.450651064063095,3959.231094458732969
146,7440.946899999999914,1238.374909956522288,51.511004273854724
146,7474.496199999999590,1238.500040928016915,103.160211195116517
146,7490.933500000000095,1238.567335878766471,128.512481187368167
146,7505.935000000000400,1238.632031782885861,151.676413089000789
146,7516.720999999999549,1238.680420406502890,168.346303791084665
146,7537.848799999999756,1238.779577598381820,201.035501450864331
146,7546.121100000000297,1238.819926509915149,213.847233296795821
146,7589.502499999999600,1239.044699885769660,281.147682555876600
146,7603.638399999999820,1239.122433149391554,303.117627522100292
146,7637.207999999999629,1239.315076893641162,355.367012432459660
146,7687.361200000000281,1239.621701721074942,433.618370068733157
146,7696.657900000000154,1239.680729018705961,448.147643987443871
146,7856.984400000000278,1240.772872338660591,699.808801042112236
146,7945.365399999999681,1241.403245102121673,839.358753214106173
146,7950.362000000000080,1241.438833698063945,847.264580314165187
146,8008.359000000000378,1241.848584681322109,939.155584659972874
146,8016.989999999999782,1241.908822925628556,952.850294673181793
146,8061.721099999999751,1242.216580960582405,1023.905828462097020
146,8192.308199999999488,1243.051946094569303,1232.127143785075532
146,8233.896399999999630,1243.291056583053660,1298.689899887775027
146,8349.739999999999782,1243.866443797722241,1484.773481203588972
146,8368.045500000000175,1243.943540129264875,1514.273156462880252
146,8378.661000000000058,1243.986366871774862,1531.392619930562205
146,8379.909299999999348,1243.991310745087503,1533.406337925390744
146,8419.472700000000259,1244.137690598473000,1597.295561532281226
146,8420.739799999999377,1244.142041842414073,1599.343916628185752
146,8426.962999999999738,1244.163102535108919,1609.406137312446845
146,8465.682399999999689,1244.282348347764810,1672.086405974075888
146,8497.693199999999706,1244.365141655886873,1724.007205564676497
146,8511.210600000000341,1244.395685194714815,1745.960298858262149
146,8523.782999999999447,1244.421696059099531,1766.393982628291724
146,8593.618399999999383,1244.523023601656405,1880.174555464754121
146,8637.019000000000233,1244.548099114224669,1951.134578694248603
146,8656.759899999999107,1244.549663965472746,1983.477156816083152
146,8670.325000000000728,1244.547135396825752,2005.726244755863263
146,8681.877500000000509,1244.542656034439233,2024.690412436551242
146,8684.306200000000899,1244.541441429903671,2028.679179896312689
146,8774.066399999999703,1244.429618126368496,2176.576940259427374
146,8776.459999999999127,1244.424846596591578,2180.534097775080681
146,8779.160700000000361,1244.419351214506605,2184.999811904174294
146,8783.033600000000661,1244.411264059262976,2191.405385274051241
146,8786.165999999999258,1244.404545164049068,2196.587576884562168
146,8821.832399999999325,1244.316836068712291,2255.680864816498797
146,8856.298000000000684,1244.212598411138515,2312.940872625397333
146,8864.750000000000000,1244.184133031427109,2327.006776219426229
146,8868.190500000000611,1244.172220079698718,2332.735240226212227
146,8921.949599999999919,1243.961829361284799,2422.455335618043591
146,8931.144700000000739,1243.921330791218224,2437.841737551243568
146,8933.281999999999243,1243.911730906751700,2441.419861076994493
146,8954.708599999999933,1243.811633510853198,2477.327080802719138
146,9047.929599999999482,1243.297027231085622,2634.340474383923720
146,9125.470999999999549,1242.777415393602951,2765.971499671880792
146,9165.166699999999764,1242.482293332255949,2833.734717584115060
146,9170.040000000000873,1242.444800920684884,2842.071787475691963
146,9222.590000000000146,1242.024198065641258,2932.226829731976522
146,9224.110800000000381,1242.011602528497178,2934.842914140800531
146,9227.030000000000655,1241.987361837037724,2939.865641074708492
146,9354.799999999999272,1240.855850513835094,3161.157134821875843
146,9356.787000000000262,1240.837348865381500,3164.621219760531858
146,9375.879600000000210,1240.658503652817899,3197.942536314882091
146,9377.329999999999927,1240.644842499898232,3200.476493694731289
146,9515.986999999999171,1239.310327479303851,3444.449821376932050
146,9660.434999999999491,1237.945380463067295,3702.186498577100792
146,9687.979999999999563,1237.699963383899103,3751.729919237389367
146,9720.829999999999927,1237.417141762319261,3810.971868434420685
146,9754.434999999999491,1237.140916345446840,3871.745894313362442
146,9787.185999999999694,1236.886568326558972,3931.134432857792945
146,9802.384000000000015,1236.774118986918893,3958.744660778861544
147,7440.946899999999914,1245.630960933266579,51.115663076018564
147,7474.496199999999590,1245.763001038286575,102.775376777402016
147,7490.933500000000095,1245.833218162134699,128.132001810082102
147,7505.935000000000400,1245.900333645500041,151.299492765611603
147,7516.720999999999549,1245.950322841942352,167.971711645075175
147,7537.848799999999756,1246.052295756257536,200.664947214667791
147,7546.121100000000297,1246.093637187589138,213.478082492616068
147,7589.502499999999600,1246.322687356992219,280.784426993467832
147,7603.638399999999820,1246.401503984380270,302.755814059758450
147,7637.207999999999629,1246.596177947193610,355.007812814257704
147,7687.361200000000281,1246.904591699263165,433.261281309524520
147,7696.657900000000154,1246.963807780962043,447.790748149282990
147,7856.984400000000278,1248.054267869833211,699.448954098950708
147,7945.365399999999681,1248.681337667419484,838.994599358662526
147,7950.362000000000080,1248.716716927783636,846.900162073155343
147,8008.359000000000378,1249.123961242235055,938.788036608054199
147,8016.989999999999782,1249.183820786550541,952.482276808921142
147,8061.721099999999751,1249.489629709577002,1023.535386318505289
147,8192.308199999999488,1250.319886797057052,1231.749921407694956
147,8233.896399999999630,1250.557677989876083,1298.310618186027796
147,8349.739999999999782,1251.130419181494744,1484.388507073493656
147,8368.045500000000175,1251.207244743569163,1513.887260062823316
147,8378.661000000000058,1251.249933197268092,1531.006182520742641
147,8379.909299999999348,1251.254861711438934,1533.019836563883018
147,8419.472700000000259,1251.400852649349872,1596.906990413538779
147,8420.739799999999377,1251.405194553541605,1598.955277675291200
147,8426.962999999999738,1251.426212157185319,1609.017163635615361
147,8465.682399999999689,1251.545292462564703,1671.695285074654521
147,8497.693199999999706,1251.628079067674662,1723.614212250426590
147,8511.210600000000341,1251.658653963804454,1745.566484692370295
147,8523.782999999999447,1251.684711713447541,1765.999387611433121
147,8593.618399999999383,1251.786593941076944,1879.775284106480512
147,8637.019000000000233,1251.812244746069155,1950.732079153261111
147,8656.759899999999107,1251.814123755011451,1983.073100319509422
147,8670.325000000000728,1251.811828765595692,2005.321085231900952
147,8681.877500000000509,1251.807559192613553,2024.284291955499384
147,8684.306200000000899,1251.806389927416149,2028.272854849656369
147,8774.066399999999703,1251.696509678716666,2176.162429837374020
147,8776.459999999999127,1251.691796282501855,2180.119352503199025
147,8779.160700000000361,1251.686366836857587,2184.584800635813281
147,8783.033600000000661,1251.678374865453179,2190.989990684058739
147,8786.165999999999258,1251.671733488816244,2196.171870655113707
147,8821.832399999999325,1251.584938557707574,2255.261510500954500
147,8856.298000000000684,1251.481633086799548,2312.517825812527008
147,8864.750000000000000,1251.453402666848206,2326.582800152861182
147,8868.190500000000611,1251.441586015021358,2332.310883323137659
147,8921.949599999999919,1251.232743341982996,2422.024848272193594
147,8931.144700000000739,1251.192516642715873,2437.410170679778275
147,8933.281999999999243,1251.182980207579021,2440.988042115548978
147,8954.708599999999933,1251.083523849019684,2476.892711813911319
147,9047.929599999999482,1250.571788019048654,2633.894657040329093
147,9125.470999999999549,1250.054636700419223,2765.516028883232593
147,9165.166699999999764,1249.760799156161738,2833.274395888621711
147,9170.040000000000873,1249.723465864192804,2841.610878598317413
147,9222.590000000000146,1249.304604278782563,2931.759753077985806
147,9224.110800000000381,1249.292059948330007,2934.375664271292862
147,9227.030000000000655,1249.267917698387009,2939.398059672784711
147,9354.799999999999272,1248.140995792240801,3160.676656730512150
147,9356.787000000000262,1248.122571511935803,3164.140571913398162
147,9375.879600000000210,1247.944482583153331,3197.460315549368715
147,9377.329999999999927,1247.930879881720784,3199.994157860477117
147,9515.986999999999171,1246.602852702513474,3443.959840037075082
147,9660.434999999999491,1245.247754741287963,3701.697004834123163
147,9687.979999999999563,1245.004760045527746,3751.241600703637232
147,9720.829999999999927,1244.725117584128157,3810.485403288338603
147,9754.434999999999491,1244.452507255659157,3871.261819075861695
147,9787.185999999999694,1244.202074878534859,3930.653143345490207
147,9802.384000000000015,1244.091585545553244,3958.264807982474849
148,7440.946899999999914,1252.839516978852089,50.719758675242701
148,7474.496199999999590,1252.985709274731562,102.387733952910821
148,7490.933500000000095,1253.061689167853046,127.747822672080247
148,7505.935000000000400,1253.133451360744630,150.918166923781655
148,7516.720999999999549,1253.186441789729315,167.592265705387490
148,7537.848799999999756,1253.293525600251542,200.288793243178588
148,7546.121100000000297,1253.336607622151178,213.103084210668158
148,7589.502499999999600,1253.572644133838821,280.414380655045079
148,7603.638399999999820,1253.653039568064742,302.387015495083233
148,7637.207999999999629,1253.850288779250832,354.641348746601352
148,7687.361200000000281,1254.159974129946477,432.896886872453479
148,7696.657900000000154,1254.219144273766233,447.426576957395355
148,7856.984400000000278,1255.300281032992189,699.083169672453778
148,7945.365399999999681,1255.919041518858421,838.625197919097900
148,7950.362000000000080,1255.953941233836986,846.530524095902820
148,8008.359000000000378,1256.355717246959330,938.415479369163336
148,8016.989999999999782,1256.414788463134528,952.109262185297098
148,8061.721099999999751,1256.716670137418305,1023.159928827925683
148,8192.308199999999488,1257.537482222574454,1231.366847567538116
148,8233.896399999999630,1257.772991272040827,1297.925003804357857
148,8349.739999999999782,1258.341215680547066,1483.995504830298387
148,8368.045500000000175,1258.417558675806958,1513.493040480754644
148,8378.661000000000058,1258.459993915713994,1530.611249734841294
148,8379.909299999999348,1258.464893913032483,1532.624819549687800
148,8419.472700000000259,1258.610113488753086,1596.509262502204365
148,8420.739799999999377,1258.614434804645953,1598.557461563920015
148,8426.962999999999738,1258.635354871332765,1608.618913048145714
148,8465.682399999999689,1258.753957294713700,1671.294281222771133
148,8497.693199999999706,1258.836506767494939,1723.210863466104911
148,8511.210600000000341,1258.867021656686347,1745.162126073498484
148,8523.782999999999447,1258.893044017357624,1765.594079000184593
148,8593.618399999999383,1258.995063403619270,1879.364503887594992
148,8637.019000000000233,1259.021061850634396,1950.317729033790783
148,8656.759899999999107,1259.023161039560819,1982.657083691065509
148,8670.325000000000728,1259.021039254578000,2004.903908265200926
148,8681.877500000000509,1259.016931121887637,2023.866117226144524
148,8684.306200000000899,1259.015797420572653,2027.854469252945364
148,8774.066399999999703,1258.907628854240556,2175.736000428657917
148,8776.459999999999127,1258.902971893025097,2179.692702496869970
148,8779.160700000000361,1258.897606817553878,2184.157901392146869
148,8783.033600000000661,1258.889708445792394,2190.562733410452893
148,8786.165999999999258,1258.883143889955136,2195.744323285532118
148,8821.832399999999325,1258.797295722680701,2254.830629579837932
148,8856.298000000000684,1258.695036597988974,2312.083678462508033
148,8864.750000000000000,1258.667083529671118,2326.147846419529287
148,8868.190500000000611,1258.655382195050606,2331.875600837948241
148,8921.949599999999919,1258.448532030751494,2421.584402855752614
148,8931.144700000000739,1258.408683820867964,2436.968839628686510
148,8933.281999999999243,1258.399237014856908,2440.546505202404205
148,8954.708599999999933,1258.300714491715098,2476.449112102810432
148,9047.929599999999482,1257.793851247778321,2633.442192033374340
148,9125.470999999999549,1257.281871598302132,2765.056515678421420
148,9165.166699999999764,1256.991106378888162,2832.811464162862649
148,9170.040000000000873,1256.954170421145818,2841.147538040050676
148,9222.590000000000146,1256.539870011636367,2931.292175444054465
148,9224.110800000000381,1256.527465081852370,2933.907969013564070
148,9227.030000000000655,1256.503591550324927,2938.930139469335700
148,9354.799999999999272,1255.389711726677206,3160.200082095096150
148,9356.787000000000262,1255.371505934550441,3163.663882494059635
148,9375.879600000000210,1255.195530833944076,3196.982555701609272
148,9377.329999999999927,1255.182089633364285,3199.516319108487551
148,9515.986999999999171,1253.869208097552701,3443.475987286113650
148,9660.434999999999491,1252.524070221535794,3701.209285962740068
148,9687.979999999999563,1252.281355547524981,3750.753212869671643
148,9720.829999999999927,1252.001003863795631,3809.996149038160183
148,9754.434999999999491,1251.726260931886600,3870.771533956615713
148,9787.185999999999694,1251.472114598225744,3930.161633176125179
148,9802.384000000000015,1251.359272832761235,3957.772630649055372
149,7440.946899999999914,1260.062189602185299,50.337933621655793
149,7474.496199999999590,1260.204441171119242,102.008175097802905
149,7490.933500000000095,1260.278788138539312,127.369417324587857
149,7505.935000000000400,1260.349215157623803,150.540828992903926
149,7516.720999999999549,1260.401331370510206,167.215700289194501
149,7537.848799999999756,1260.506896043511460,199.913744174275507
149,7546.121100000000297,1260.549448670361244,212.728627320223495
149,7589.502499999999600,1260.783244349413508,280.042974647132496
149,7603.638399999999820,1260.863083429310336,302.016571747407852
149,7637.207999999999629,1261.059302761684648,354.273098117246946
149,7687.361200000000281,1261.368087245373317,432.531602631236410
149,7696.657900000000154,1261.427160134449650,447.061794342703479
149,7856.984400000000278,1262.508777324775565,698.724086668376003
149,7945.365399999999681,1263.128703662390308,838.266593264007497
149,7950.362000000000080,1263.163676247271042,846.171888051509541
149,8008.359000000000378,1263.566320107038109,938.056029609593452
149,8016.989999999999782,1263.625522254617181,951.749621696448799
149,8061.721099999999751,1263.928081884740095,1022.799019786799818
149,8192.308199999999488,1264.750815812566543,1230.999736514218057
149,8233.896399999999630,1264.986918683881413,1297.555215608407252
149,8349.739999999999782,1265.556805724224432,1483.616763634205654
149,8368.045500000000175,1265.633418823433203,1513.112707063034577
149,8378.661000000000058,1265.676012248554798,1530.229973166250829
149,8379.909299999999348,1265.680930927714599,1532.243431141286692
149,8419.472700000000259,1265.826752356623956,1596.124231935478065
149,8420.739799999999377,1265.831093284342387,1598.172311331217315
149,8426.962999999999738,1265.852109996828176,1608.233172477090648
149,8465.682399999999689,1265.971326513874601,1670.904773813522070
149,8497.693199999999706,1266.054401422561341,1722.818127446047129
149,8511.210600000000341,1266.085143224529020,1744.767997775891899
149,8523.782999999999447,1266.111379345447858,1765.198641110218659
149,8593.618399999999383,1266.214632424476122,1878.961554991087041
149,8637.019000000000233,1266.241433140189201,1949.909930948378587
149,8656.759899999999107,1266.243904448994044,1982.247038985544577
149,8670.325000000000728,1266.242040445033354,2004.492305886057920
149,8681.877500000000509,1266.238152945311413,2023.453179693203538
149,8684.306200000000899,1266.237065738265301,2027.441250047278118
149,8774.066399999999703,1266.130622895768511,2175.312152229063486
149,8776.459999999999127,1266.126011620371855,2179.268565492612197
149,8779.160700000000361,1266.120698035286978,2183.733438223288431
149,8783.033600000000661,1266.112873390395862,2190.137801948294509
149,8786.165999999999258,1266.106368361737168,2195.319012588415717
149,8821.832399999999325,1266.021189665948214,2254.400971835233577
149,8856.298000000000684,1265.919557266180618,2311.649773288064807
149,8864.750000000000000,1265.891753914766923,2325.712893273929694
149,8868.190500000000611,1265.880113011820413,2331.440220426985434
149,8921.949599999999919,1265.674161653363171,2421.142300623173469
149,8931.144700000000739,1265.634457296805067,2436.525580113665455
149,8933.281999999999243,1265.625043460521056,2440.102976418274466
149,8954.708599999999933,1265.526841161564789,2476.002878730772863
149,9047.929599999999482,1265.021113501607033,2632.984128233028059
149,9125.470999999999549,1264.509691659417058,2764.588651382631724
149,9165.166699999999764,1264.219059279542535,2832.338658149073581
149,9170.040000000000873,1264.182132369569217,2840.674131021371068
149,9222.590000000000146,1263.767831061391462,2930.812395677111454
149,9224.110800000000381,1263.755423505145473,2933.428008304410014
149,9227.030000000000655,1263.731544539285323,2938.449832076552411
149,9354.799999999999272,1262.617018743880408,3159.705747162950502
149,9356.787000000000262,1262.598798728874272,3163.169352906500535
149,9375.879600000000210,1262.422685502392142,3196.486204177816944
149,9377.329999999999927,1262.409233773750884,3199.019832918036627
149,9515.986999999999171,1261.095756364715953,3442.969879803202730
149,9660.434999999999491,1259.753305977560558,3700.704005286612301
149,9687.979999999999563,1259.511920960070938,3750.249994360557139
149,9720.829999999999927,1259.233661460731128,3809.496415652430187
149,9754.434999999999491,1258.961732322726903,3870.276658763873456
149,9787.185999999999694,1258.711101259159932,3929.672905261083542
149,9802.384000000000015,1258.600185310947381,3957.287274756778970
