(specex_env) cdwarner@nid001048:/global/cfs/cdirs/desi/users/cdwarner/code/specex> desi_psf_fit   -a /dvs_ro/cfs/cdirs/desi/spectro/redux/matterhorn/preproc/20260401/00344649/preproc-z8-00344649.fits.gz   --in-psf /dvs_ro/cfs/cdirs/desi/spectro/redux/matterhorn/exposures/20260401/00344649/shifted-input-psf-z8-00344649.fits   --lamp-lines $SPECEX/py/specex/data/specex_linelist_desi.txt   --out-psf /pscratch/sd/c/cdwarner/specex/current-fit-psf-z8-00344649_05.fits   --first-bundle 5 --last-bundle 5 --first-fiber 125 --last-fiber 149 --legendre-deg-wave 3 --fit-continuum --broken-fibers 473,474
INFO Initializing a GAUSSHERMITE PSF
INFO trace_deg_x=6 trace_deg_wave=6
INFO synchronizing traces
INFO X_vs_W deg=6
INFO Y_vs_W deg=6
INFO X_vs_Y deg=7
INFO W_vs_Y deg=7
INFO will start from input psf parameters
INFO z8-00344649-05: using lamp lines file /global/cfs/cdirs/desi/users/cdwarner/code//specex/py/specex/data/specex_linelist_desi.txt
INFO z8-00344649-05: Median distance between fibers = 7.25636
INFO z8-00344649-05: number of fibers per bundle    = 25
INFO z8-00344649-05: CAMERA = 'z8      '
INFO z8-00344649-05: PSF 'GAUSSHERMITE' stamp size = 8x5
INFO z8-00344649-05: valid y(=rows) range = -4 4132
INFO z8-00344649-05: reading /global/cfs/cdirs/desi/users/cdwarner/code//specex/py/specex/data/specex_linelist_desi.txt
INFO z8-00344649-05: loaded 162 lines
INFO z8-00344649-05: number of spots = 1700
INFO z8-00344649-05: starting to fit PSF with 1700 spots
INFO z8-00344649-05:   Written 1700 raw candidates to /pscratch/sd/c/cdwarner/specex/current-fit-psf-z8-00344649_05.rawspots.txt
INFO z8-00344649-05: detecting dead columns in fiber traces 
INFO z8-00344649-05: fiber 128 ndead=16
INFO z8-00344649-05: fiber 129 ndead=24
INFO z8-00344649-05: fiber 130 ndead=24
INFO z8-00344649-05: fiber 131 ndead=25
INFO z8-00344649-05: fiber 132 ndead=26
INFO z8-00344649-05: fiber 133 ndead=25
INFO z8-00344649-05: fiber 134 ndead=3
INFO z8-00344649-05: fiber 137 ndead=1
INFO z8-00344649-05: fiber 147 ndead=10
INFO z8-00344649-05: fiber 148 ndead=17
INFO z8-00344649-05: fitting independently the flux of each spot
INFO z8-00344649-05: C++ SPOT SELECTION: Starting first pass. Input spots: 1700
INFO z8-00344649-05: C++ SPOT SELECTION: Finished first pass. Surviving spots: 1700
INFO z8-00344649-05: C++ SPOT SELECTION: First pass survivors: 959
INFO z8-00344649-05: selected 959 spots out of 1700 with S/N>5 and min dist = 4 A
INFO z8-00344649-05:   with a max. number of lines of 200 (approximately) and keeping neighboring blended lines within 5A and avoiding gaps larger than 300 A
INFO z8-00344649-05: C++ SPOT SELECTION: Final selected spots: 959
INFO z8-00344649-05:   Written 959 spots to /pscratch/sd/c/cdwarner/specex/current-fit-psf-z8-00344649_05.cppspots_pass1.txt
INFO z8-00344649-05: fitting independently the flux of each spot
INFO z8-00344649-05: C++ SPOT SELECTION: Starting first pass. Input spots: 1700
INFO z8-00344649-05: C++ SPOT SELECTION: Finished first pass. Surviving spots: 1700
INFO z8-00344649-05: C++ SPOT SELECTION: First pass survivors: 959
INFO z8-00344649-05: selected 959 spots out of 1700 with S/N>5 and min dist = 4 A
INFO z8-00344649-05:   with a max. number of lines of 200 (approximately) and keeping neighboring blended lines within 5A and avoiding gaps larger than 300 A
INFO z8-00344649-05: C++ SPOT SELECTION: Final selected spots: 959
INFO z8-00344649-05:   Written 959 spots to /pscratch/sd/c/cdwarner/specex/current-fit-psf-z8-00344649_05.cppspots_pass2.txt
INFO z8-00344649-05: Starting FitSeveralSpots FLUX+TRACE 
INFO z8-00344649-05: specex::PSF_Fitter::FitSeveralSpots inc. signal in w=0, npix footprint = 46987
INFO z8-00344649-05: specex::PSF_Fitter::FitSeveralSpots successful brent fit with step = 1 dchi2=212109 chi2pdf = 1.29826 npar = 1309
INFO z8-00344649-05: specex::PSF_Fitter::FitSeveralSpots successful brent fit with step = 1 dchi2=343.005 chi2pdf = 1.29075 npar = 1309
INFO z8-00344649-05: specex::PSF_Fitter::FitSeveralSpots successful brent fit with step = 1 dchi2=0.656089 chi2pdf = 1.29074 npar = 1309
INFO z8-00344649-05: specex::PSF_Fitter::FitSeveralSpots successful brent fit with step = 1 dchi2=0.00187121 chi2pdf = 1.29074 npar = 1309
INFO specex::PSF_Fitter::FitSeveralSpots successful fit of +flux+trace chi2= 58958.3 niter=4
INFO z8-00344649-05: Max delta(x,y) = 0.323987
INFO z8-00344649-05: fitting independently the flux of each spot
INFO z8-00344649-05: C++ SPOT SELECTION: Starting first pass. Input spots: 1700
INFO z8-00344649-05: C++ SPOT SELECTION: Finished first pass. Surviving spots: 1700
INFO z8-00344649-05: C++ SPOT SELECTION: First pass survivors: 959
INFO z8-00344649-05: selected 959 spots out of 1700 with S/N>5 and min dist = 4 A
INFO z8-00344649-05:   with a max. number of lines of 200 (approximately) and keeping neighboring blended lines within 5A and avoiding gaps larger than 300 A
INFO z8-00344649-05: C++ SPOT SELECTION: Final selected spots: 959
INFO z8-00344649-05:   Written 959 spots to /pscratch/sd/c/cdwarner/specex/current-fit-psf-z8-00344649_05.cppspots_pass3.txt
INFO z8-00344649-05: Choose the parameters that participate to the fit : only gaussian terms
INFO z8-00344649-05: Starting FitSeveralSpots PSF+FLUX only gaussian terms
INFO z8-00344649-05: specex::PSF_Fitter::FitSeveralSpots inc. signal in w=0, npix footprint = 46991
INFO z8-00344649-05: specex::PSF_Fitter::FitSeveralSpots dchi2=929.329 chi2pdf = 1.26299 npar = 971
INFO z8-00344649-05: specex::PSF_Fitter::FitSeveralSpots dchi2=1.12719 chi2pdf = 1.26297 npar = 971
INFO z8-00344649-05: specex::PSF_Fitter::FitSeveralSpots dchi2=0.00214277 chi2pdf = 1.26297 npar = 971
INFO specex::PSF_Fitter::FitSeveralSpots successful fit of +flux+psf chi2= 58121.7 niter=3
INFO z8-00344649-05: fitting independently the flux of each spot
WARNING z8-00344649-05: masking spot 0 at x=1086.14 y=160.436 with large chi2 = 43.0283>40.9804+0*8.15924=40.9804
WARNING z8-00344649-05: masking spot 1 at x=1093.3 y=160.029 with large chi2 = 52.4183>40.5892+0*7.81945=40.5892
WARNING z8-00344649-05: masking spot 5 at x=1122.31 y=158.23 with large chi2 = 45.866>40.8622+0*8.10798=40.8622
WARNING z8-00344649-05: masking spot 6 at x=1129.61 y=157.785 with large chi2 = 52.5559>40.5834+0*7.81072=40.5834
WARNING z8-00344649-05: masking spot 8 at x=1144.11 y=157 with large chi2 = 42.2761>41.0118+0*8.1656=41.0118
WARNING z8-00344649-05: masking spot 10 at x=1158.65 y=156.211 with large chi2 = 49.0425>40.7298+0*7.99856=40.7298
WARNING z8-00344649-05: masking spot 12 at x=1173.25 y=155.445 with large chi2 = 45.2074>40.8896+0*8.12374=40.8896
WARNING z8-00344649-05: masking spot 13 at x=1180.55 y=154.987 with large chi2 = 52.1252>40.6014+0*7.83767=40.6014
WARNING z8-00344649-05: masking spot 15 at x=1195.02 y=154.221 with large chi2 = 48.0909>40.7695+0*8.03721=40.7695
WARNING z8-00344649-05: masking spot 17 at x=1209.58 y=153.418 with large chi2 = 41.181>41.0574+0*8.16947=41.0574
WARNING z8-00344649-05: masking spot 19 at x=1224.14 y=152.691 with large chi2 = 54.5813>40.499+0*7.66867=40.499
WARNING z8-00344649-05: masking spot 20 at x=1231.38 y=152.297 with large chi2 = 41.3208>41.0516+0*8.16933=41.0516
WARNING z8-00344649-05: masking spot 23 at x=1253.15 y=151.159 with large chi2 = 45.4707>40.8787+0*8.11772=40.8787
WARNING z8-00344649-05: masking spot 25 at x=1086.18 y=177.103 with large chi2 = 40.8567>40.6431+0*5.21642=40.6431
WARNING z8-00344649-05: masking spot 26 at x=1093.35 y=176.692 with large chi2 = 46.8118>40.3949+0*5.05627=40.3949
WARNING z8-00344649-05: masking spot 27 at x=1100.62 y=176.208 with large chi2 = 41.2956>40.6248+0*5.21487=40.6248
WARNING z8-00344649-05: masking spot 29 at x=1115.11 y=175.339 with large chi2 = 46.6448>40.4019+0*5.06497=40.4019
WARNING z8-00344649-05: masking spot 30 at x=1122.36 y=174.907 with large chi2 = 41.5508>40.6142+0*5.21323=40.6142
WARNING z8-00344649-05: masking spot 31 at x=1129.65 y=174.464 with large chi2 = 47.3037>40.3745+0*5.02915=40.3745
WARNING z8-00344649-05: masking spot 34 at x=1151.39 y=173.25 with large chi2 = 44.0829>40.5087+0*5.16739=40.5087
WARNING z8-00344649-05: masking spot 35 at x=1158.7 y=172.883 with large chi2 = 41.3969>40.6206+0*5.21428=40.6206
WARNING z8-00344649-05: masking spot 36 at x=1166 y=172.482 with large chi2 = 41.8466>40.6018+0*5.21065=40.6018
WARNING z8-00344649-05: masking spot 37 at x=1173.3 y=172.112 with large chi2 = 43.9158>40.5156+0*5.17208=40.5156
WARNING z8-00344649-05: masking spot 39 at x=1187.88 y=171.347 with large chi2 = 46.1452>40.4227+0*5.0895=40.4227
WARNING z8-00344649-05: masking spot 41 at x=1202.42 y=170.558 with large chi2 = 41.3004>40.6246+0*5.21484=40.6246
WARNING z8-00344649-05: masking spot 44 at x=1224.19 y=169.355 with large chi2 = 44.0342>40.5107+0*5.16878=40.5107
WARNING z8-00344649-05: masking spot 46 at x=1238.7 y=168.56 with large chi2 = 44.4598>40.493+0*5.15591=40.493
WARNING z8-00344649-05: masking spot 49 at x=1260.43 y=167.421 with large chi2 = 47.6254>40.361+0*5.01019=40.361
WARNING z8-00344649-05: masking spot 50 at x=1086.78 y=364.095 with large chi2 = 1160.83>1077.6+0*60.0063=1077.6
WARNING z8-00344649-05: masking spot 51 at x=1094.03 y=363.66 with large chi2 = 1081.46>1080.91+0*62.2721=1080.91
WARNING z8-00344649-05: masking spot 53 at x=1108.47 y=362.809 with large chi2 = 1103.09>1080.01+0*62.1008=1080.01
WARNING z8-00344649-05: masking spot 54 at x=1115.82 y=362.366 with large chi2 = 1120.12>1079.3+0*61.7347=1079.3
WARNING z8-00344649-05: masking spot 57 at x=1137.65 y=361.15 with large chi2 = 1096.14>1080.3+0*62.1915=1080.3
WARNING z8-00344649-05: masking spot 60 at x=1159.36 y=359.91 with large chi2 = 1141.95>1078.39+0*60.9607=1078.39
WARNING z8-00344649-05: masking spot 62 at x=1173.93 y=359.108 with large chi2 = 1086.91>1080.68+0*62.2597=1080.68
WARNING z8-00344649-05: masking spot 64 at x=1188.52 y=358.31 with large chi2 = 1146.37>1078.2+0*60.7615=1078.2
WARNING z8-00344649-05: masking spot 65 at x=1195.71 y=357.922 with large chi2 = 1101.97>1080.05+0*62.1177=1080.05
WARNING z8-00344649-05: masking spot 66 at x=1203.03 y=357.54 with large chi2 = 1200.87>1075.93+0*57.0387=1075.93
WARNING z8-00344649-05: masking spot 69 at x=1224.81 y=356.328 with large chi2 = 1083.35>1080.83+0*62.2701=1080.83
WARNING z8-00344649-05: masking spot 70 at x=1232.06 y=355.954 with large chi2 = 1102.83>1080.02+0*62.1048=1080.02
WARNING z8-00344649-05: masking spot 71 at x=1239.34 y=355.611 with large chi2 = 1177.83>1076.89+0*58.9088=1076.89
WARNING z8-00344649-05: masking spot 72 at x=1246.62 y=355.25 with large chi2 = 1093.6>1080.4+0*62.2162=1080.4
WARNING z8-00344649-05: masking spot 75 at x=1089.05 y=856.017 with large chi2 = 329.639>329.036+0*34.4262=329.036
WARNING z8-00344649-05: masking spot 76 at x=1096.31 y=855.579 with large chi2 = 348.68>328.243+0*34.1829=328.243
WARNING z8-00344649-05: masking spot 79 at x=1118.11 y=854.293 with large chi2 = 341.129>328.557+0*34.3345=328.557
WARNING z8-00344649-05: masking spot 82 at x=1139.91 y=853.061 with large chi2 = 332.133>328.932+0*34.4205=328.932
WARNING z8-00344649-05: masking spot 87 at x=1176.14 y=851 with large chi2 = 370.501>327.334+0*33.3263=327.334
WARNING z8-00344649-05: masking spot 88 at x=1183.39 y=850.554 with large chi2 = 379.972>326.939+0*32.7518=326.939
WARNING z8-00344649-05: masking spot 89 at x=1190.7 y=850.204 with large chi2 = 361.806>327.696+0*33.7437=327.696
WARNING z8-00344649-05: masking spot 90 at x=1197.88 y=849.797 with large chi2 = 365.126>327.558+0*33.5965=327.558
WARNING z8-00344649-05: masking spot 91 at x=1205.19 y=849.418 with large chi2 = 343.852>328.444+0*34.2882=328.444
WARNING z8-00344649-05: masking spot 95 at x=1234.19 y=847.848 with large chi2 = 355.014>327.979+0*33.9992=327.979
WARNING z8-00344649-05: masking spot 96 at x=1241.46 y=847.507 with large chi2 = 421.879>325.193+0*28.4824=325.193
WARNING z8-00344649-05: masking spot 98 at x=1255.98 y=846.761 with large chi2 = 332.08>328.935+0*34.4207=328.935
WARNING z8-00344649-05: masking spot 100 at x=1089.49 y=947.937 with large chi2 = 250.167>215.388+0*18.8411=215.388
WARNING z8-00344649-05: masking spot 101 at x=1096.75 y=947.498 with large chi2 = 235.958>215.98+0*19.6826=215.98
WARNING z8-00344649-05: masking spot 104 at x=1118.54 y=946.208 with large chi2 = 230.639>216.201+0*19.8754=216.201
WARNING z8-00344649-05: masking spot 115 at x=1198.3 y=941.694 with large chi2 = 242.615>215.702+0*19.3494=215.702
WARNING z8-00344649-05: masking spot 116 at x=1205.61 y=941.317 with large chi2 = 233.782>216.071+0*19.7692=216.071
WARNING z8-00344649-05: masking spot 117 at x=1212.82 y=940.911 with large chi2 = 221.238>216.593+0*20.0626=216.593
WARNING z8-00344649-05: masking spot 118 at x=1220.07 y=940.511 with large chi2 = 243.276>215.675+0*19.3105=215.675
WARNING z8-00344649-05: masking spot 120 at x=1234.6 y=939.744 with large chi2 = 257.145>215.097+0*18.2387=215.097
WARNING z8-00344649-05: masking spot 121 at x=1241.87 y=939.395 with large chi2 = 219.324>216.673+0*20.0771=216.673
WARNING z8-00344649-05: masking spot 122 at x=1249.14 y=939.016 with large chi2 = 222.232>216.552+0*20.0519=216.552
WARNING z8-00344649-05: masking spot 123 at x=1256.38 y=938.648 with large chi2 = 228.298>216.299+0*19.9402=216.299
WARNING z8-00344649-05: masking spot 125 at x=1089.56 y=961.636 with large chi2 = 268.284>243.648+0*24.435=243.648
WARNING z8-00344649-05: masking spot 126 at x=1096.81 y=961.198 with large chi2 = 249.249>244.441+0*24.9083=244.441
WARNING z8-00344649-05: masking spot 129 at x=1118.61 y=959.907 with large chi2 = 274.132>243.404+0*24.1574=243.404
WARNING z8-00344649-05: masking spot 137 at x=1176.63 y=956.601 with large chi2 = 275.136>243.363+0*24.1033=243.363
WARNING z8-00344649-05: masking spot 138 at x=1183.88 y=956.152 with large chi2 = 266.109>243.739+0*24.5221=243.739
WARNING z8-00344649-05: masking spot 139 at x=1191.19 y=955.805 with large chi2 = 262.061>243.907+0*24.661=243.907
WARNING z8-00344649-05: masking spot 140 at x=1198.36 y=955.39 with large chi2 = 256.624>244.134+0*24.8014=244.134
WARNING z8-00344649-05: masking spot 142 at x=1212.88 y=954.606 with large chi2 = 278.111>243.239+0*23.9312=243.239
WARNING z8-00344649-05: masking spot 145 at x=1234.66 y=953.439 with large chi2 = 276.414>243.309+0*24.0315=243.309
WARNING z8-00344649-05: masking spot 146 at x=1241.93 y=953.089 with large chi2 = 297.713>242.422+0*22.3397=242.422
WARNING z8-00344649-05: masking spot 150 at x=1092.01 y=1618.69 with large chi2 = 671.324>654.955+0*39.3164=654.955
WARNING z8-00344649-05: masking spot 151 at x=1099.24 y=1618.22 with large chi2 = 666.859>655.141+0*39.3828=655.141
WARNING z8-00344649-05: masking spot 153 at x=1113.68 y=1617.34 with large chi2 = 693.674>654.024+0*38.6473=654.024
WARNING z8-00344649-05: masking spot 154 at x=1121 y=1616.87 with large chi2 = 696.335>653.913+0*38.5294=653.913
WARNING z8-00344649-05: masking spot 157 at x=1142.78 y=1615.55 with large chi2 = 680.9>654.556+0*39.0991=654.556
WARNING z8-00344649-05: masking spot 158 at x=1149.94 y=1615.1 with large chi2 = 668.246>655.083+0*39.3646=655.083
WARNING z8-00344649-05: masking spot 160 at x=1164.42 y=1614.24 with large chi2 = 682.432>654.492+0*39.0548=654.492
WARNING z8-00344649-05: masking spot 162 at x=1178.97 y=1613.38 with large chi2 = 714.98>653.136+0*37.4635=653.136
WARNING z8-00344649-05: masking spot 163 at x=1186.2 y=1612.91 with large chi2 = 669.475>655.032+0*39.3466=655.032
WARNING z8-00344649-05: masking spot 164 at x=1193.51 y=1612.53 with large chi2 = 660.856>655.391+0*39.4374=655.391
WARNING z8-00344649-05: masking spot 165 at x=1200.67 y=1612.11 with large chi2 = 672.147>654.921+0*39.3018=654.921
WARNING z8-00344649-05: masking spot 166 at x=1207.98 y=1611.7 with large chi2 = 688.172>654.253+0*38.8649=654.253
WARNING z8-00344649-05: masking spot 168 at x=1222.43 y=1610.84 with large chi2 = 661.701>655.356+0*39.4321=655.356
WARNING z8-00344649-05: masking spot 169 at x=1229.69 y=1610.42 with large chi2 = 668.967>655.053+0*39.3542=655.053
WARNING z8-00344649-05: masking spot 170 at x=1236.92 y=1610.03 with large chi2 = 674.951>654.804+0*39.2462=654.804
WARNING z8-00344649-05: masking spot 171 at x=1244.17 y=1609.65 with large chi2 = 668.061>655.091+0*39.3671=655.091
WARNING z8-00344649-05: masking spot 172 at x=1251.42 y=1609.25 with large chi2 = 681.026>654.551+0*39.0956=654.551
WARNING z8-00344649-05: masking spot 173 at x=1258.65 y=1608.87 with large chi2 = 666.71>655.147+0*39.3847=655.147
WARNING z8-00344649-05: masking spot 176 at x=1099.51 y=1775.39 with large chi2 = 267.865>244.062+0*16.0953=244.062
WARNING z8-00344649-05: masking spot 178 at x=1113.95 y=1774.49 with large chi2 = 264.768>244.191+0*16.2723=244.191
WARNING z8-00344649-05: masking spot 180 at x=1128.48 y=1773.58 with large chi2 = 250.635>244.78+0*16.7437=244.78
WARNING z8-00344649-05: masking spot 183 at x=1150.2 y=1772.2 with large chi2 = 246.881>244.937+0*16.7801=244.937
WARNING z8-00344649-05: masking spot 185 at x=1164.69 y=1771.33 with large chi2 = 257.757>244.483+0*16.5733=244.483
WARNING z8-00344649-05: masking spot 187 at x=1179.23 y=1770.44 with large chi2 = 259.354>244.417+0*16.5166=244.417
WARNING z8-00344649-05: masking spot 188 at x=1186.46 y=1769.97 with large chi2 = 249.526>244.826+0*16.7583=244.826
WARNING z8-00344649-05: masking spot 189 at x=1193.77 y=1769.58 with large chi2 = 259.618>244.406+0*16.5066=244.406
WARNING z8-00344649-05: masking spot 192 at x=1215.42 y=1768.28 with large chi2 = 249.54>244.826+0*16.7581=244.826
WARNING z8-00344649-05: masking spot 194 at x=1229.94 y=1767.42 with large chi2 = 248.272>244.879+0*16.7709=244.879
WARNING z8-00344649-05: masking spot 195 at x=1237.18 y=1767.03 with large chi2 = 270.281>243.962+0*15.9379=243.962
WARNING z8-00344649-05: masking spot 196 at x=1244.43 y=1766.64 with large chi2 = 262.818>244.273+0*16.3697=244.273
WARNING z8-00344649-05: masking spot 197 at x=1251.68 y=1766.23 with large chi2 = 252.459>244.704+0*16.7128=244.704
WARNING z8-00344649-05: masking spot 200 at x=1092.39 y=2015.52 with large chi2 = 53.3519>49.85+0*9.11367=49.85
WARNING z8-00344649-05: masking spot 202 at x=1106.84 y=2014.57 with large chi2 = 54.5513>49.8+0*9.09101=49.8
WARNING z8-00344649-05: masking spot 206 at x=1135.85 y=2012.66 with large chi2 = 57.1697>49.6909+0*9.01733=49.6909
WARNING z8-00344649-05: masking spot 208 at x=1150.32 y=2011.72 with large chi2 = 64.8058>49.3728+0*8.60362=49.3728
WARNING z8-00344649-05: masking spot 209 at x=1157.53 y=2011.24 with large chi2 = 54.3936>49.8066+0*9.09439=49.8066
WARNING z8-00344649-05: masking spot 211 at x=1172.1 y=2010.37 with large chi2 = 61.1952>49.5232+0*8.83742=49.5232
WARNING z8-00344649-05: masking spot 212 at x=1179.35 y=2009.9 with large chi2 = 55.4594>49.7622+0*9.06924=49.7622
WARNING z8-00344649-05: masking spot 213 at x=1186.57 y=2009.42 with large chi2 = 66.8606>49.2871+0*8.43779=49.2871
WARNING z8-00344649-05: masking spot 217 at x=1215.54 y=2007.67 with large chi2 = 51.6845>49.9195+0*9.13372=49.9195
WARNING z8-00344649-05: masking spot 218 at x=1222.8 y=2007.22 with large chi2 = 67.0513>49.2792+0*8.42114=49.2792
WARNING z8-00344649-05: masking spot 220 at x=1237.3 y=2006.38 with large chi2 = 51.6941>49.9191+0*9.13364=49.9191
WARNING z8-00344649-05: masking spot 222 at x=1251.8 y=2005.55 with large chi2 = 50.9601>49.9497+0*9.13831=49.9497
WARNING z8-00344649-05: masking spot 223 at x=1259.02 y=2005.15 with large chi2 = 51.8033>49.9145+0*9.13273=49.9145
WARNING z8-00344649-05: masking spot 228 at x=1112.01 y=2775.2 with large chi2 = 2203.07>2142.09+0*100.065=2142.09
WARNING z8-00344649-05: masking spot 229 at x=1119.36 y=2774.65 with large chi2 = 2160.16>2143.88+0*100.752=2143.88
WARNING z8-00344649-05: masking spot 232 at x=1141.17 y=2773.13 with large chi2 = 2295.42>2138.24+0*95.7781=2138.24
WARNING z8-00344649-05: masking spot 237 at x=1177.43 y=2770.57 with large chi2 = 2182.36>2142.95+0*100.496=2142.95
WARNING z8-00344649-05: masking spot 239 at x=1191.99 y=2769.59 with large chi2 = 2300.11>2138.04+0*95.4521=2138.04
WARNING z8-00344649-05: masking spot 240 at x=1199.17 y=2769.09 with large chi2 = 2163.74>2143.73+0*100.726=2143.73
WARNING z8-00344649-05: masking spot 241 at x=1206.49 y=2768.61 with large chi2 = 2270.02>2139.3+0*97.3557=2139.3
WARNING z8-00344649-05: masking spot 242 at x=1213.7 y=2768.11 with large chi2 = 2202.26>2142.12+0*100.085=2142.12
WARNING z8-00344649-05: masking spot 243 at x=1220.98 y=2767.61 with large chi2 = 2210.06>2141.8+0*99.8763=2141.8
WARNING z8-00344649-05: masking spot 244 at x=1228.28 y=2767.11 with large chi2 = 2228.89>2141.01+0*99.261=2141.01
WARNING z8-00344649-05: masking spot 245 at x=1235.5 y=2766.67 with large chi2 = 2201.25>2142.16+0*100.11=2142.16
WARNING z8-00344649-05: masking spot 246 at x=1242.79 y=2766.21 with large chi2 = 2306.86>2137.76+0*94.9628=2137.76
WARNING z8-00344649-05: masking spot 251 at x=1096.65 y=2950.34 with large chi2 = 336.018>325.448+0*26.597=325.448
WARNING z8-00344649-05: masking spot 253 at x=1111.13 y=2949.27 with large chi2 = 337.416>325.39+0*26.5722=325.39
WARNING z8-00344649-05: masking spot 255 at x=1125.71 y=2948.21 with large chi2 = 329.59>325.716+0*26.6696=325.716
WARNING z8-00344649-05: masking spot 257 at x=1140.3 y=2947.15 with large chi2 = 350.461>324.847+0*26.1844=324.847
WARNING z8-00344649-05: masking spot 260 at x=1161.99 y=2945.6 with large chi2 = 336.901>325.412+0*26.5817=325.412
WARNING z8-00344649-05: masking spot 262 at x=1176.59 y=2944.56 with large chi2 = 335.24>325.481+0*26.6094=325.481
WARNING z8-00344649-05: masking spot 264 at x=1191.16 y=2943.55 with large chi2 = 340.232>325.273+0*26.5126=325.273
WARNING z8-00344649-05: masking spot 265 at x=1198.35 y=2943.05 with large chi2 = 338.684>325.337+0*26.547=325.337
WARNING z8-00344649-05: masking spot 267 at x=1212.87 y=2942.03 with large chi2 = 372.061>323.947+0*24.8851=323.947
WARNING z8-00344649-05: masking spot 268 at x=1220.17 y=2941.54 with large chi2 = 329.029>325.74+0*26.6727=325.74
WARNING z8-00344649-05: masking spot 270 at x=1234.7 y=2940.57 with large chi2 = 372.804>323.916+0*24.8246=323.916
WARNING z8-00344649-05: masking spot 271 at x=1242 y=2940.09 with large chi2 = 358.455>324.513+0*25.8028=324.513
WARNING z8-00344649-05: masking spot 272 at x=1249.25 y=2939.63 with large chi2 = 349.895>324.87+0*26.2072=324.87
WARNING z8-00344649-05: masking spot 277 at x=1102.57 y=3174.76 with large chi2 = 59.9845>49.4915+0*8.92949=49.4915
WARNING z8-00344649-05: masking spot 278 at x=1109.85 y=3174.21 with large chi2 = 54.8875>49.7039+0*9.11401=49.7039
WARNING z8-00344649-05: masking spot 279 at x=1117.2 y=3173.65 with large chi2 = 51.9826>49.8249+0*9.16263=49.8249
WARNING z8-00344649-05: masking spot 282 at x=1139.04 y=3172.05 with large chi2 = 50.6729>49.8795+0*9.17141=49.8795
WARNING z8-00344649-05: masking spot 284 at x=1153.5 y=3170.93 with large chi2 = 54.6018>49.7158+0*9.12058=49.7158
WARNING z8-00344649-05: masking spot 285 at x=1160.75 y=3170.48 with large chi2 = 60.6115>49.4654+0*8.89778=49.4654
WARNING z8-00344649-05: masking spot 286 at x=1168.09 y=3169.94 with large chi2 = 61.3948>49.4328+0*8.8553=49.4328
WARNING z8-00344649-05: masking spot 288 at x=1182.62 y=3168.86 with large chi2 = 65.614>49.257+0*8.56958=49.257
WARNING z8-00344649-05: masking spot 289 at x=1189.96 y=3168.38 with large chi2 = 59.5584>49.5093+0*8.94989=49.5093
WARNING z8-00344649-05: masking spot 291 at x=1204.5 y=3167.36 with large chi2 = 61.2246>49.4398+0*8.8648=49.4398
WARNING z8-00344649-05: masking spot 297 at x=1248.1 y=3164.39 with large chi2 = 51.0612>49.8633+0*9.16965=49.8633
WARNING z8-00344649-05: masking spot 298 at x=1255.39 y=3163.9 with large chi2 = 50.5032>49.8866+0*9.17195=49.8866
WARNING z8-00344649-05: masking spot 299 at x=1262.55 y=3163.4 with large chi2 = 55.3859>49.6831+0*9.1016=49.6831
WARNING z8-00344649-05: masking spot 300 at x=1084.85 y=3713.64 with large chi2 = 408.135>391.084+0*35.8786=391.084
WARNING z8-00344649-05: masking spot 303 at x=1106.67 y=3712.03 with large chi2 = 415.749>390.767+0*35.6923=390.767
WARNING z8-00344649-05: masking spot 307 at x=1135.91 y=3709.79 with large chi2 = 436.649>389.896+0*34.8062=389.896
WARNING z8-00344649-05: masking spot 308 at x=1143.14 y=3709.23 with large chi2 = 431.748>390.1+0*35.0645=390.1
WARNING z8-00344649-05: masking spot 312 at x=1172.32 y=3707.12 with large chi2 = 425.057>390.379+0*35.3667=390.379
WARNING z8-00344649-05: masking spot 313 at x=1179.61 y=3706.55 with large chi2 = 423.68>390.437+0*35.4217=390.437
WARNING z8-00344649-05: masking spot 315 at x=1194.17 y=3705.58 with large chi2 = 431.506>390.111+0*35.0765=390.111
WARNING z8-00344649-05: masking spot 316 at x=1201.53 y=3705.01 with large chi2 = 428.932>390.218+0*35.1988=390.218
WARNING z8-00344649-05: masking spot 317 at x=1208.69 y=3704.46 with large chi2 = 399.315>391.452+0*36.006=391.452
WARNING z8-00344649-05: masking spot 318 at x=1216.09 y=3703.92 with large chi2 = 411.719>390.935+0*35.7998=390.935
WARNING z8-00344649-05: masking spot 319 at x=1223.37 y=3703.37 with large chi2 = 396.508>391.569+0*36.0268=391.569
WARNING z8-00344649-05: masking spot 320 at x=1230.66 y=3702.92 with large chi2 = 411.902>390.927+0*35.7953=390.927
WARNING z8-00344649-05: masking spot 321 at x=1237.95 y=3702.4 with large chi2 = 421.382>390.532+0*35.5082=390.532
WARNING z8-00344649-05: masking spot 322 at x=1245.23 y=3701.98 with large chi2 = 408.576>391.066+0*35.8698=391.066
WARNING z8-00344649-05: masking spot 326 at x=1091.03 y=3942.04 with large chi2 = 56.5159>51.6733+0*6.79907=51.6733
WARNING z8-00344649-05: masking spot 327 at x=1098.3 y=3941.53 with large chi2 = 54.161>51.7714+0*6.85106=51.7714
WARNING z8-00344649-05: masking spot 329 at x=1112.91 y=3940.38 with large chi2 = 56.8057>51.6612+0*6.7902=51.6612
WARNING z8-00344649-05: masking spot 331 at x=1127.44 y=3939.27 with large chi2 = 54.9836>51.7371+0*6.83695=51.7371
WARNING z8-00344649-05: masking spot 335 at x=1156.59 y=3937.12 with large chi2 = 55.2926>51.7243+0*6.83053=51.7243
WARNING z8-00344649-05: masking spot 339 at x=1185.84 y=3934.98 with large chi2 = 53.9105>51.7819+0*6.8545=51.7819
WARNING z8-00344649-05: masking spot 340 at x=1193.05 y=3934.48 with large chi2 = 51.9359>51.8641+0*6.86769=51.8641
WARNING z8-00344649-05: masking spot 341 at x=1200.43 y=3933.94 with large chi2 = 56.0882>51.6911+0*6.81117=51.6911
WARNING z8-00344649-05: masking spot 342 at x=1207.66 y=3933.41 with large chi2 = 52.5202>51.8398+0*6.86636=51.8398
WARNING z8-00344649-05: masking spot 343 at x=1214.98 y=3932.88 with large chi2 = 55.0627>51.7339+0*6.83536=51.7339
WARNING z8-00344649-05: masking spot 344 at x=1222.31 y=3932.36 with large chi2 = 60.0945>51.5242+0*6.65037=51.5242
WARNING z8-00344649-05: masking spot 345 at x=1229.58 y=3931.87 with large chi2 = 71.3182>51.0565+0*5.54473=51.0565
WARNING z8-00344649-05: masking spot 347 at x=1244.2 y=3930.9 with large chi2 = 53.6036>51.7946+0*6.85817=51.7946
WARNING z8-00344649-05: masking spot 348 at x=1251.48 y=3930.41 with large chi2 = 52.4317>51.8435+0*6.8667=51.8435
WARNING z8-00344649-05: masking spot 349 at x=1258.69 y=3929.9 with large chi2 = 55.9325>51.6976+0*6.81528=51.6976
WARNING z8-00344649-05: masking spot 351 at x=1093.01 y=59.9143 with large chi2 = 50.7573>44.9486+0*8.08901=44.9486
WARNING z8-00344649-05: masking spot 353 at x=1107.43 y=58.9213 with large chi2 = 51.7618>44.9067+0*8.05618=44.9067
WARNING z8-00344649-05: masking spot 356 at x=1129.35 y=57.5473 with large chi2 = 60.6101>44.538+0*7.51327=44.538
WARNING z8-00344649-05: masking spot 357 at x=1136.65 y=57.2502 with large chi2 = 45.276>45.177+0*8.17198=45.177
WARNING z8-00344649-05: masking spot 359 at x=1150.98 y=56.3956 with large chi2 = 55.4257>44.7541+0*7.88837=44.7541
WARNING z8-00344649-05: masking spot 360 at x=1158.38 y=56.0248 with large chi2 = 47.9845>45.0641+0*8.15111=45.0641
WARNING z8-00344649-05: masking spot 361 at x=1165.64 y=55.6326 with large chi2 = 65.1802>44.3476+0*7.03007=44.3476
WARNING z8-00344649-05: masking spot 365 at x=1194.76 y=54.0259 with large chi2 = 52.131>44.8913+0*8.04271=44.8913
WARNING z8-00344649-05: masking spot 366 at x=1202.14 y=53.7558 with large chi2 = 52.9147>44.8587+0*8.0116=44.8587
WARNING z8-00344649-05: masking spot 376 at x=1093.15 y=111.535 with large chi2 = 42.8982>42.4773+0*8.08087=42.4773
WARNING z8-00344649-05: masking spot 378 at x=1107.58 y=110.585 with large chi2 = 43.3488>42.4585+0*8.07935=42.4585
WARNING z8-00344649-05: masking spot 384 at x=1151.16 y=108.055 with large chi2 = 57.2716>41.8784+0*7.47191=41.8784
WARNING z8-00344649-05: masking spot 385 at x=1158.51 y=107.687 with large chi2 = 47.6641>42.2787+0*8.00921=42.2787
WARNING z8-00344649-05: masking spot 386 at x=1165.79 y=107.29 with large chi2 = 43.4257>42.4553+0*8.07898=42.4553
WARNING z8-00344649-05: masking spot 389 at x=1187.7 y=106.192 with large chi2 = 59.8902>41.7693+0*7.22308=41.7693
WARNING z8-00344649-05: masking spot 391 at x=1202.25 y=105.389 with large chi2 = 50.9445>42.1421+0*7.88722=42.1421
WARNING z8-00344649-05: masking spot 392 at x=1209.46 y=104.89 with large chi2 = 60.792>41.7317+0*7.12572=41.7317
WARNING z8-00344649-05: masking spot 395 at x=1231.25 y=103.793 with large chi2 = 45.984>42.3487+0*8.04854=42.3487
WARNING z8-00344649-05: masking spot 397 at x=1245.78 y=102.973 with large chi2 = 49.3292>42.2094+0*7.95487=42.2094
WARNING z8-00344649-05: masking spot 402 at x=1100.5 y=136.368 with large chi2 = 61.2787>48.7966+0*8.32937=48.7966
WARNING z8-00344649-05: masking spot 403 at x=1107.65 y=135.943 with large chi2 = 55.3866>49.0421+0*8.60235=49.0421
WARNING z8-00344649-05: masking spot 406 at x=1129.54 y=134.607 with large chi2 = 62.8242>48.7322+0*8.226=48.7322
WARNING z8-00344649-05: masking spot 407 at x=1136.85 y=134.275 with large chi2 = 53.7747>49.1093+0*8.64522=49.1093
WARNING z8-00344649-05: masking spot 408 at x=1144.04 y=133.833 with large chi2 = 52.523>49.1614+0*8.6694=49.1614
WARNING z8-00344649-05: masking spot 411 at x=1165.87 y=132.645 with large chi2 = 50.1449>49.2605+0*8.69363=49.2605
WARNING z8-00344649-05: masking spot 413 at x=1180.48 y=131.824 with large chi2 = 52.172>49.1761+0*8.67476=49.1761
WARNING z8-00344649-05: masking spot 414 at x=1187.76 y=131.531 with large chi2 = 58.736>48.9026+0*8.4701=48.9026
WARNING z8-00344649-05: masking spot 419 at x=1224.08 y=129.537 with large chi2 = 68.7705>48.4845+0*7.69088=48.4845
WARNING z8-00344649-05: masking spot 421 at x=1238.58 y=128.714 with large chi2 = 50.2195>49.2574+0*8.6933=49.2574
WARNING z8-00344649-05: masking spot 422 at x=1245.85 y=128.338 with large chi2 = 59.0183>48.8908+0*8.45623=48.8908
WARNING z8-00344649-05: masking spot 424 at x=1260.31 y=127.571 with large chi2 = 55.7182>49.0283+0*8.59188=49.0283
WARNING z8-00344649-05: masking spot 425 at x=1086.27 y=209.786 with large chi2 = 699.177>646.589+0*42.3071=646.589
WARNING z8-00344649-05: masking spot 426 at x=1093.45 y=209.369 with large chi2 = 695.482>646.743+0*42.491=646.743
WARNING z8-00344649-05: masking spot 427 at x=1100.72 y=208.901 with large chi2 = 686.556>647.115+0*42.8752=647.115
WARNING z8-00344649-05: masking spot 428 at x=1107.89 y=208.475 with large chi2 = 744.486>644.701+0*38.7585=644.701
WARNING z8-00344649-05: masking spot 429 at x=1115.22 y=208.031 with large chi2 = 679.448>647.411+0*43.1214=647.411
WARNING z8-00344649-05: masking spot 432 at x=1137.08 y=206.81 with large chi2 = 672.808>647.688+0*43.3044=647.688
WARNING z8-00344649-05: masking spot 433 at x=1144.27 y=206.365 with large chi2 = 665.737>647.982+0*43.45=647.982
WARNING z8-00344649-05: masking spot 437 at x=1173.4 y=204.797 with large chi2 = 652.156>648.548+0*43.5888=648.548
WARNING z8-00344649-05: masking spot 439 at x=1187.98 y=204.022 with large chi2 = 694.424>646.787+0*42.541=646.787
WARNING z8-00344649-05: masking spot 441 at x=1202.51 y=203.239 with large chi2 = 688.302>647.042+0*42.8067=647.042
WARNING z8-00344649-05: masking spot 444 at x=1224.28 y=202.033 with large chi2 = 650.338>648.624+0*43.5935=648.624
WARNING z8-00344649-05: masking spot 446 at x=1238.8 y=201.257 with large chi2 = 690.221>646.962+0*42.7277=646.962
WARNING z8-00344649-05: masking spot 447 at x=1246.07 y=200.889 with large chi2 = 650.848>648.603+0*43.5925=648.603
WARNING z8-00344649-05: masking spot 450 at x=1086.31 y=222.596 with large chi2 = 410.532>358.038+0*26.7764=358.038
WARNING z8-00344649-05: masking spot 452 at x=1100.77 y=221.713 with large chi2 = 360.396>360.127+0*28.7611=360.127
WARNING z8-00344649-05: masking spot 453 at x=1107.93 y=221.288 with large chi2 = 360.2>360.135+0*28.7611=360.135
WARNING z8-00344649-05: masking spot 454 at x=1115.27 y=220.844 with large chi2 = 380.597>359.285+0*28.4435=359.285
WARNING z8-00344649-05: masking spot 456 at x=1129.8 y=219.985 with large chi2 = 383.105>359.181+0*28.3603=359.181
WARNING z8-00344649-05: masking spot 457 at x=1137.12 y=219.623 with large chi2 = 366.474>359.874+0*28.7308=359.874
WARNING z8-00344649-05: masking spot 461 at x=1166.15 y=217.985 with large chi2 = 368.755>359.779+0*28.705=359.779
WARNING z8-00344649-05: masking spot 462 at x=1173.44 y=217.607 with large chi2 = 391.344>358.838+0*28.0167=358.838
WARNING z8-00344649-05: masking spot 464 at x=1188.02 y=216.829 with large chi2 = 384.632>359.117+0*28.3048=359.117
WARNING z8-00344649-05: masking spot 465 at x=1195.21 y=216.401 with large chi2 = 399.672>358.491+0*27.5566=358.491
WARNING z8-00344649-05: masking spot 466 at x=1202.55 y=216.048 with large chi2 = 388.486>358.957+0*28.1482=358.957
WARNING z8-00344649-05: masking spot 467 at x=1209.76 y=215.6 with large chi2 = 381.123>359.264+0*28.4269=359.264
WARNING z8-00344649-05: masking spot 469 at x=1224.32 y=214.841 with large chi2 = 378.963>359.354+0*28.4925=359.354
WARNING z8-00344649-05: masking spot 470 at x=1231.57 y=214.454 with large chi2 = 365.997>359.894+0*28.7352=359.894
WARNING z8-00344649-05: masking spot 471 at x=1238.84 y=214.071 with large chi2 = 369.199>359.76+0*28.6991=359.76
WARNING z8-00344649-05: masking spot 475 at x=1089.01 y=848.109 with large chi2 = 352.135>313.14+0*19.804=313.14
WARNING z8-00344649-05: masking spot 476 at x=1096.27 y=847.671 with large chi2 = 315.874>314.651+0*21.2829=314.651
WARNING z8-00344649-05: masking spot 487 at x=1176.1 y=843.093 with large chi2 = 329.492>314.084+0*21.06=314.084
WARNING z8-00344649-05: masking spot 488 at x=1183.36 y=842.647 with large chi2 = 327.079>314.184+0*21.1274=314.184
WARNING z8-00344649-05: masking spot 489 at x=1190.67 y=842.297 with large chi2 = 325.521>314.249+0*21.1645=314.249
WARNING z8-00344649-05: masking spot 490 at x=1197.85 y=841.891 with large chi2 = 350.668>313.201+0*19.9216=313.201
WARNING z8-00344649-05: masking spot 491 at x=1205.15 y=841.512 with large chi2 = 329.731>314.074+0*21.0526=314.074
WARNING z8-00344649-05: masking spot 493 at x=1219.62 y=840.704 with large chi2 = 318.322>314.549+0*21.2709=314.549
WARNING z8-00344649-05: masking spot 495 at x=1234.15 y=839.942 with large chi2 = 345.989>313.396+0*20.2615=313.396
WARNING z8-00344649-05: masking spot 497 at x=1248.7 y=839.226 with large chi2 = 351.56>313.164+0*19.8507=313.164
WARNING z8-00344649-05: masking spot 499 at x=1263.11 y=838.485 with large chi2 = 323.53>314.332+0*21.2046=314.332
WARNING z8-00344649-05: masking spot 500 at x=1091.78 y=1523.46 with large chi2 = 241.929>231.701+0*19.61=231.701
WARNING z8-00344649-05: masking spot 501 at x=1099.01 y=1522.99 with large chi2 = 240.286>231.77+0*19.6427=231.77
WARNING z8-00344649-05: masking spot 502 at x=1106.23 y=1522.57 with large chi2 = 240.316>231.769+0*19.6422=231.769
WARNING z8-00344649-05: masking spot 504 at x=1120.77 y=1521.65 with large chi2 = 237.607>231.881+0*19.6831=231.881
WARNING z8-00344649-05: masking spot 506 at x=1135.25 y=1520.77 with large chi2 = 233.464>232.054+0*19.7144=232.054
WARNING z8-00344649-05: masking spot 507 at x=1142.55 y=1520.35 with large chi2 = 235.68>231.962+0*19.7024=231.962
WARNING z8-00344649-05: masking spot 510 at x=1164.19 y=1519.05 with large chi2 = 254.617>231.173+0*19.1507=231.173
WARNING z8-00344649-05: masking spot 513 at x=1185.98 y=1517.74 with large chi2 = 249.005>231.407+0*19.3997=231.407
WARNING z8-00344649-05: masking spot 514 at x=1193.29 y=1517.37 with large chi2 = 241.095>231.736+0*19.6274=231.736
WARNING z8-00344649-05: masking spot 516 at x=1207.76 y=1516.54 with large chi2 = 245.961>231.533+0*19.5041=231.533
WARNING z8-00344649-05: masking spot 518 at x=1222.21 y=1515.7 with large chi2 = 240.995>231.74+0*19.6293=231.74
WARNING z8-00344649-05: masking spot 519 at x=1229.47 y=1515.27 with large chi2 = 238.142>231.859+0*19.6763=231.859
WARNING z8-00344649-05: masking spot 521 at x=1243.95 y=1514.51 with large chi2 = 246.945>231.492+0*19.4727=231.492
WARNING z8-00344649-05: masking spot 522 at x=1251.2 y=1514.12 with large chi2 = 265.654>230.713+0*18.4365=230.713
WARNING z8-00344649-05: masking spot 523 at x=1258.43 y=1513.74 with large chi2 = 257.247>231.063+0*19.0082=231.063
WARNING z8-00344649-05: masking spot 525 at x=1091.82 y=1540.59 with large chi2 = 11806.8>10641+0*663.205=10641
WARNING z8-00344649-05: masking spot 526 at x=1099.05 y=1540.13 with large chi2 = 10713.3>10686.6+0*702.972=10686.6
WARNING z8-00344649-05: masking spot 527 at x=1106.28 y=1539.71 with large chi2 = 10758.1>10684.7+0*702.839=10684.7
WARNING z8-00344649-05: masking spot 529 at x=1120.81 y=1538.79 with large chi2 = 11491.9>10654.1+0*682.736=10654.1
WARNING z8-00344649-05: masking spot 533 at x=1149.75 y=1537.03 with large chi2 = 10915.5>10678.2+0*701.388=10678.2
WARNING z8-00344649-05: masking spot 536 at x=1171.54 y=1535.76 with large chi2 = 10767.6>10684.3+0*702.795=10684.3
WARNING z8-00344649-05: masking spot 538 at x=1186.02 y=1534.87 with large chi2 = 11284.9>10662.8+0*691.894=10662.8
WARNING z8-00344649-05: masking spot 540 at x=1200.49 y=1534.07 with large chi2 = 10991.7>10675+0*700.133=10675
WARNING z8-00344649-05: masking spot 541 at x=1207.8 y=1533.66 with large chi2 = 11823.6>10640.3+0*661.959=10640.3
WARNING z8-00344649-05: masking spot 543 at x=1222.25 y=1532.82 with large chi2 = 11138.9>10668.8+0*696.678=10668.8
WARNING z8-00344649-05: masking spot 545 at x=1236.75 y=1532.01 with large chi2 = 11453.8>10655.7+0*684.632=10655.7
WARNING z8-00344649-05: masking spot 546 at x=1244 y=1531.63 with large chi2 = 11661.3>10647.1+0*673.091=10647.1
WARNING z8-00344649-05: masking spot 548 at x=1258.48 y=1530.86 with large chi2 = 10819.3>10682.2+0*702.457=10682.2
WARNING z8-00344649-05: masking spot 550 at x=1091.83 y=1542.61 with large chi2 = 12125.3>11785.5+0*529.031=11785.5
WARNING z8-00344649-05: masking spot 551 at x=1099.06 y=1542.14 with large chi2 = 11953>11792.6+0*532.412=11792.6
WARNING z8-00344649-05: masking spot 553 at x=1113.49 y=1541.27 with large chi2 = 12039.3>11789+0*531.024=11789
WARNING z8-00344649-05: masking spot 554 at x=1120.82 y=1540.8 with large chi2 = 12022.2>11789.8+0*531.348=11789.8
WARNING z8-00344649-05: masking spot 557 at x=1142.6 y=1539.5 with large chi2 = 12398.3>11774.1+0*518.56=11774.1
WARNING z8-00344649-05: masking spot 558 at x=1149.76 y=1539.05 with large chi2 = 11926.7>11793.7+0*532.715=11793.7
WARNING z8-00344649-05: masking spot 562 at x=1178.8 y=1537.34 with large chi2 = 12429.5>11772.8+0*516.956=11772.8
WARNING z8-00344649-05: masking spot 563 at x=1186.03 y=1536.88 with large chi2 = 11986.9>11791.2+0*531.941=11791.2
WARNING z8-00344649-05: masking spot 564 at x=1193.34 y=1536.51 with large chi2 = 12624>11764.7+0*504.93=11764.7
WARNING z8-00344649-05: masking spot 565 at x=1200.5 y=1536.08 with large chi2 = 12049.3>11788.6+0*530.825=11788.6
WARNING z8-00344649-05: masking spot 566 at x=1207.8 y=1535.68 with large chi2 = 12196.7>11782.5+0*526.904=11782.5
WARNING z8-00344649-05: masking spot 569 at x=1229.52 y=1534.41 with large chi2 = 12069.8>11787.8+0*530.388=11787.8
WARNING z8-00344649-05: masking spot 570 at x=1236.75 y=1534.03 with large chi2 = 12432.5>11772.7+0*516.796=11772.7
WARNING z8-00344649-05: masking spot 571 at x=1244 y=1533.65 with large chi2 = 11999.2>11790.7+0*531.745=11790.7
WARNING z8-00344649-05: masking spot 572 at x=1251.25 y=1533.25 with large chi2 = 11883.1>11795.5+0*533.091=11795.5
WARNING z8-00344649-05: masking spot 575 at x=1091.98 y=1606.57 with large chi2 = 1920.33>1722.41+0*129.986=1722.41
WARNING z8-00344649-05: masking spot 577 at x=1106.44 y=1605.68 with large chi2 = 1763.64>1728.93+0*135.702=1728.93
WARNING z8-00344649-05: masking spot 579 at x=1120.97 y=1604.75 with large chi2 = 1842.49>1725.65+0*133.855=1725.65
WARNING z8-00344649-05: masking spot 583 at x=1149.91 y=1602.98 with large chi2 = 1821.35>1726.53+0*134.55=1726.53
WARNING z8-00344649-05: masking spot 586 at x=1171.7 y=1601.7 with large chi2 = 1752.39>1729.4+0*135.802=1729.4
WARNING z8-00344649-05: masking spot 588 at x=1186.18 y=1600.8 with large chi2 = 1932.63>1721.89+0*129.177=1721.89
WARNING z8-00344649-05: masking spot 590 at x=1200.65 y=1599.99 with large chi2 = 1851.12>1725.29+0*133.528=1725.29
WARNING z8-00344649-05: masking spot 591 at x=1207.95 y=1599.58 with large chi2 = 1985.08>1719.71+0*125.085=1719.71
WARNING z8-00344649-05: masking spot 593 at x=1222.4 y=1598.73 with large chi2 = 1743.77>1729.76+0*135.851=1729.76
WARNING z8-00344649-05: masking spot 595 at x=1236.9 y=1597.92 with large chi2 = 1830.34>1726.15+0*134.272=1726.15
WARNING z8-00344649-05: masking spot 596 at x=1244.15 y=1597.54 with large chi2 = 1916.25>1722.57+0*130.241=1722.57
WARNING z8-00344649-05: masking spot 598 at x=1258.62 y=1596.76 with large chi2 = 1746.55>1729.65+0*135.837=1729.65
WARNING z8-00344649-05: masking spot 600 at x=1091.99 y=1608.62 with large chi2 = 1935.13>1866.69+0*96.1963=1866.69
WARNING z8-00344649-05: masking spot 601 at x=1099.22 y=1608.15 with large chi2 = 1889.52>1868.59+0*97.075=1868.59
WARNING z8-00344649-05: masking spot 604 at x=1120.97 y=1606.8 with large chi2 = 1912.86>1867.62+0*96.7429=1867.62
WARNING z8-00344649-05: masking spot 607 at x=1142.76 y=1605.48 with large chi2 = 1926.86>1867.03+0*96.4256=1867.03
WARNING z8-00344649-05: masking spot 608 at x=1149.91 y=1605.03 with large chi2 = 1919.09>1867.36+0*96.6127=1867.36
WARNING z8-00344649-05: masking spot 610 at x=1164.4 y=1604.17 with large chi2 = 1891.47>1868.51+0*97.0566=1868.51
WARNING z8-00344649-05: masking spot 612 at x=1178.95 y=1603.31 with large chi2 = 1947.7>1866.16+0*95.787=1866.16
WARNING z8-00344649-05: masking spot 613 at x=1186.18 y=1602.85 with large chi2 = 1985.59>1864.59+0*94.1028=1864.59
WARNING z8-00344649-05: masking spot 615 at x=1200.65 y=1602.04 with large chi2 = 1988.95>1864.45+0*93.9205=1864.45
WARNING z8-00344649-05: masking spot 616 at x=1207.96 y=1601.63 with large chi2 = 2033.95>1862.57+0*90.9188=1862.57
WARNING z8-00344649-05: masking spot 617 at x=1215.14 y=1601.19 with large chi2 = 1874.56>1869.21+0*97.1593=1869.21
WARNING z8-00344649-05: masking spot 619 at x=1229.67 y=1600.35 with large chi2 = 1887.54>1868.67+0*97.0919=1868.67
WARNING z8-00344649-05: masking spot 620 at x=1236.9 y=1599.97 with large chi2 = 1963.76>1865.49+0*95.1568=1865.49
WARNING z8-00344649-05: masking spot 621 at x=1244.15 y=1599.59 with large chi2 = 1931.21>1866.85+0*96.3087=1866.85
WARNING z8-00344649-05: masking spot 627 at x=1106.59 y=1680.54 with large chi2 = 192.68>163.71+0*16.0521=163.71
WARNING z8-00344649-05: masking spot 628 at x=1113.8 y=1680.08 with large chi2 = 169.978>164.655+0*17.0326=164.655
WARNING z8-00344649-05: masking spot 629 at x=1121.12 y=1679.6 with large chi2 = 184.932>164.032+0*16.546=164.032
WARNING z8-00344649-05: masking spot 632 at x=1142.9 y=1678.28 with large chi2 = 190.893>163.784+0*16.1817=163.784
WARNING z8-00344649-05: masking spot 633 at x=1150.06 y=1677.82 with large chi2 = 173.492>164.509+0*16.971=164.509
WARNING z8-00344649-05: masking spot 635 at x=1164.55 y=1676.96 with large chi2 = 173.159>164.523+0*16.9782=164.523
WARNING z8-00344649-05: masking spot 636 at x=1171.85 y=1676.53 with large chi2 = 179.119>164.275+0*16.8056=164.275
WARNING z8-00344649-05: masking spot 637 at x=1179.09 y=1676.09 with large chi2 = 187.187>163.938+0*16.4202=163.938
WARNING z8-00344649-05: masking spot 639 at x=1193.63 y=1675.23 with large chi2 = 175.463>164.427+0*16.9224=164.427
WARNING z8-00344649-05: masking spot 643 at x=1222.55 y=1673.53 with large chi2 = 171.286>164.601+0*17.0133=164.601
WARNING z8-00344649-05: masking spot 644 at x=1229.81 y=1673.1 with large chi2 = 174.651>164.461+0*16.9436=164.461
WARNING z8-00344649-05: masking spot 646 at x=1244.29 y=1672.33 with large chi2 = 187.905>163.908+0*16.3771=163.908
WARNING z8-00344649-05: masking spot 650 at x=1092.22 y=1733.43 with large chi2 = 7038.27>6998.7+0*326.233=6998.7
WARNING z8-00344649-05: masking spot 651 at x=1099.46 y=1732.95 with large chi2 = 7225.79>6990.89+0*322.93=6990.89
WARNING z8-00344649-05: masking spot 653 at x=1113.89 y=1732.05 with large chi2 = 7273.64>6988.89+0*321.321=6988.89
WARNING z8-00344649-05: masking spot 654 at x=1121.2 y=1731.57 with large chi2 = 7232.82>6990.59+0*322.713=6990.59
WARNING z8-00344649-05: masking spot 657 at x=1142.99 y=1730.24 with large chi2 = 7332.46>6986.44+0*318.907=6986.44
WARNING z8-00344649-05: masking spot 658 at x=1150.14 y=1729.78 with large chi2 = 7138.59>6994.52+0*325.055=6994.52
WARNING z8-00344649-05: masking spot 660 at x=1164.63 y=1728.91 with large chi2 = 7013.43>6999.73+0*326.318=6999.73
WARNING z8-00344649-05: masking spot 662 at x=1179.18 y=1728.03 with large chi2 = 7187.53>6992.48+0*323.989=6992.48
WARNING z8-00344649-05: masking spot 663 at x=1186.4 y=1727.56 with large chi2 = 7107.14>6995.83+0*325.569=6995.83
WARNING z8-00344649-05: masking spot 664 at x=1193.72 y=1727.17 with large chi2 = 7434.01>6982.21+0*313.57=6982.21
WARNING z8-00344649-05: masking spot 665 at x=1200.87 y=1726.75 with large chi2 = 7166.36>6993.36+0*324.49=6993.36
WARNING z8-00344649-05: masking spot 666 at x=1208.18 y=1726.33 with large chi2 = 7315.42>6987.15+0*319.657=6987.15
WARNING z8-00344649-05: masking spot 667 at x=1215.36 y=1725.88 with large chi2 = 7044.47>6998.44+0*326.199=6998.44
WARNING z8-00344649-05: masking spot 669 at x=1229.89 y=1725.03 with large chi2 = 7160.45>6993.61+0*324.619=6993.61
WARNING z8-00344649-05: masking spot 670 at x=1237.12 y=1724.64 with large chi2 = 7416.5>6982.94+0*314.598=6982.94
WARNING z8-00344649-05: masking spot 671 at x=1244.37 y=1724.25 with large chi2 = 7162.86>6993.51+0*324.567=6993.51
WARNING z8-00344649-05: masking spot 675 at x=1092.38 y=1889.79 with large chi2 = 2338.59>2210.17+0*120.905=2210.17
WARNING z8-00344649-05: masking spot 678 at x=1114.05 y=1888.39 with large chi2 = 2245.36>2214.05+0*123.444=2214.05
WARNING z8-00344649-05: masking spot 682 at x=1143.15 y=1886.54 with large chi2 = 2310.39>2211.34+0*122.005=2211.34
WARNING z8-00344649-05: masking spot 685 at x=1164.79 y=1885.18 with large chi2 = 2217.83>2215.2+0*123.602=2215.2
WARNING z8-00344649-05: masking spot 687 at x=1179.33 y=1884.28 with large chi2 = 2378.34>2208.51+0*118.844=2208.51
WARNING z8-00344649-05: masking spot 688 at x=1186.56 y=1883.8 with large chi2 = 2242.23>2214.18+0*123.475=2214.18
WARNING z8-00344649-05: masking spot 689 at x=1193.87 y=1883.4 with large chi2 = 2391.53>2207.96+0*118.024=2207.96
WARNING z8-00344649-05: masking spot 690 at x=1201.03 y=1882.97 with large chi2 = 2269.91>2213.03+0*123.078=2213.03
WARNING z8-00344649-05: masking spot 691 at x=1208.34 y=1882.54 with large chi2 = 2287.93>2212.28+0*122.673=2212.28
WARNING z8-00344649-05: masking spot 692 at x=1215.52 y=1882.09 with large chi2 = 2223.85>2214.95+0*123.59=2214.95
WARNING z8-00344649-05: masking spot 693 at x=1222.78 y=1881.65 with large chi2 = 2232.3>2214.6+0*123.552=2214.6
WARNING z8-00344649-05: masking spot 694 at x=1230.04 y=1881.22 with large chi2 = 2316.15>2211.1+0*121.804=2211.1
WARNING z8-00344649-05: masking spot 695 at x=1237.28 y=1880.82 with large chi2 = 2407.71>2207.29+0*116.922=2207.29
WARNING z8-00344649-05: masking spot 696 at x=1244.53 y=1880.43 with large chi2 = 2332.39>2210.43+0*121.172=2210.43
WARNING z8-00344649-05: masking spot 697 at x=1251.78 y=1880.01 with large chi2 = 2231.29>2214.64+0*123.558=2214.64
WARNING z8-00344649-05: masking spot 700 at x=1092.39 y=1960.85 with large chi2 = 2732.85>2598.41+0*125.061=2598.41
WARNING z8-00344649-05: masking spot 701 at x=1099.63 y=1960.36 with large chi2 = 2646.98>2601.99+0*127.602=2601.99
WARNING z8-00344649-05: masking spot 703 at x=1114.07 y=1959.43 with large chi2 = 2703.54>2599.63+0*126.22=2599.63
WARNING z8-00344649-05: masking spot 704 at x=1121.38 y=1958.93 with large chi2 = 2764.25>2597.1+0*123.474=2597.1
WARNING z8-00344649-05: masking spot 707 at x=1143.17 y=1957.57 with large chi2 = 2650.45>2601.84+0*127.549=2601.84
WARNING z8-00344649-05: masking spot 708 at x=1150.32 y=1957.09 with large chi2 = 2614.4>2603.34+0*127.9=2603.34
WARNING z8-00344649-05: masking spot 712 at x=1179.35 y=1955.28 with large chi2 = 2702.46>2599.68+0*126.257=2599.68
WARNING z8-00344649-05: masking spot 714 at x=1193.89 y=1954.39 with large chi2 = 2700.29>2599.77+0*126.329=2599.77
WARNING z8-00344649-05: masking spot 715 at x=1201.05 y=1953.96 with large chi2 = 2650.79>2601.83+0*127.544=2601.83
WARNING z8-00344649-05: masking spot 716 at x=1208.36 y=1953.52 with large chi2 = 2817.94>2594.86+0*119.886=2594.86
WARNING z8-00344649-05: masking spot 719 at x=1230.07 y=1952.18 with large chi2 = 2633.95>2602.53+0*127.765=2602.53
WARNING z8-00344649-05: masking spot 720 at x=1237.3 y=1951.78 with large chi2 = 2785.7>2596.21+0*122.176=2596.21
WARNING z8-00344649-05: masking spot 721 at x=1244.56 y=1951.39 with large chi2 = 2706.34>2599.51+0*126.122=2599.51
WARNING z8-00344649-05: masking spot 725 at x=1092.39 y=1993.24 with large chi2 = 4539.02>4478.43+0*227.354=4478.43
WARNING z8-00344649-05: masking spot 728 at x=1114.07 y=1991.81 with large chi2 = 4660.28>4473.38+0*224.587=4473.38
WARNING z8-00344649-05: masking spot 729 at x=1121.38 y=1991.31 with large chi2 = 4674.02>4472.81+0*224.092=4472.81
WARNING z8-00344649-05: masking spot 732 at x=1143.17 y=1989.94 with large chi2 = 4775.65>4468.57+0*219.237=4468.57
WARNING z8-00344649-05: masking spot 737 at x=1179.35 y=1987.64 with large chi2 = 4727.07>4470.6+0*221.823=4470.6
WARNING z8-00344649-05: masking spot 738 at x=1186.58 y=1987.16 with large chi2 = 4625.64>4474.82+0*225.67=4474.82
WARNING z8-00344649-05: masking spot 739 at x=1193.89 y=1986.75 with large chi2 = 4663.17>4473.26+0*224.486=4473.26
WARNING z8-00344649-05: masking spot 741 at x=1208.36 y=1985.87 with large chi2 = 4751.39>4469.58+0*220.59=4469.58
WARNING z8-00344649-05: masking spot 743 at x=1222.81 y=1984.97 with large chi2 = 4648.67>4473.86+0*224.976=4473.86
WARNING z8-00344649-05: masking spot 744 at x=1230.07 y=1984.53 with large chi2 = 4694.44>4471.96+0*223.286=4471.96
WARNING z8-00344649-05: masking spot 745 at x=1237.3 y=1984.12 with large chi2 = 4751.44>4469.58+0*220.588=4469.58
WARNING z8-00344649-05: masking spot 746 at x=1244.56 y=1983.73 with large chi2 = 4609.89>4475.48+0*226.084=4475.48
WARNING z8-00344649-05: masking spot 750 at x=1092.38 y=2034.51 with large chi2 = 1085.74>839.622+0*80.7823=839.622
WARNING z8-00344649-05: masking spot 752 at x=1106.83 y=2033.56 with large chi2 = 901.582>847.295+0*93.9724=847.295
WARNING z8-00344649-05: masking spot 753 at x=1114.05 y=2033.07 with large chi2 = 860.713>848.998+0*94.5685=848.998
WARNING z8-00344649-05: masking spot 754 at x=1121.37 y=2032.57 with large chi2 = 950.471>845.258+0*92.2274=845.258
WARNING z8-00344649-05: masking spot 758 at x=1150.31 y=2030.7 with large chi2 = 903.557>847.213+0*93.9239=847.213
WARNING z8-00344649-05: masking spot 760 at x=1164.8 y=2029.8 with large chi2 = 860.465>849.008+0*94.5698=849.008
WARNING z8-00344649-05: masking spot 762 at x=1179.34 y=2028.88 with large chi2 = 912.204>846.852+0*93.6902=846.852
WARNING z8-00344649-05: masking spot 764 at x=1193.88 y=2027.98 with large chi2 = 914.174>846.77+0*93.632=846.77
WARNING z8-00344649-05: masking spot 765 at x=1201.04 y=2027.54 with large chi2 = 971.748>844.371+0*91.1027=844.371
WARNING z8-00344649-05: masking spot 766 at x=1208.35 y=2027.1 with large chi2 = 853.275>849.308+0*94.5942=849.308
WARNING z8-00344649-05: masking spot 767 at x=1215.54 y=2026.64 with large chi2 = 897.925>847.447+0*94.0573=847.447
WARNING z8-00344649-05: masking spot 769 at x=1230.06 y=2025.75 with large chi2 = 858.61>849.085+0*94.5783=849.085
WARNING z8-00344649-05: masking spot 771 at x=1244.55 y=2024.95 with large chi2 = 900.754>847.329+0*93.9922=847.329
WARNING z8-00344649-05: masking spot 772 at x=1251.8 y=2024.52 with large chi2 = 943.654>845.542+0*92.54=845.542
WARNING z8-00344649-05: masking spot 775 at x=1092.38 y=2038.5 with large chi2 = 1056.56>1005.66+0*82.624=1005.66
WARNING z8-00344649-05: masking spot 778 at x=1114.05 y=2037.07 with large chi2 = 1070.91>1005.06+0*82.2005=1005.06
WARNING z8-00344649-05: masking spot 782 at x=1143.15 y=2035.18 with large chi2 = 1063.99>1005.35+0*82.4183=1005.35
WARNING z8-00344649-05: masking spot 786 at x=1172.09 y=2033.34 with large chi2 = 1026.18>1006.92+0*83.1595=1006.92
WARNING z8-00344649-05: masking spot 787 at x=1179.34 y=2032.87 with large chi2 = 1057.81>1005.61+0*82.5914=1005.61
WARNING z8-00344649-05: masking spot 788 at x=1186.56 y=2032.38 with large chi2 = 1157.59>1001.45+0*77.1699=1001.45
WARNING z8-00344649-05: masking spot 789 at x=1193.88 y=2031.97 with large chi2 = 1076.1>1004.84+0*82.0199=1004.84
WARNING z8-00344649-05: masking spot 791 at x=1208.35 y=2031.09 with large chi2 = 1148.7>1001.82+0*77.8934=1001.82
WARNING z8-00344649-05: masking spot 793 at x=1222.8 y=2030.18 with large chi2 = 1058.05>1005.6+0*82.585=1005.6
WARNING z8-00344649-05: masking spot 794 at x=1230.06 y=2029.74 with large chi2 = 1012.17>1007.51+0*83.2435=1007.51
WARNING z8-00344649-05: masking spot 795 at x=1237.29 y=2029.33 with large chi2 = 1172.75>1000.82+0*75.8146=1000.82
WARNING z8-00344649-05: masking spot 796 at x=1244.55 y=2028.93 with large chi2 = 1082.47>1004.58+0*81.7779=1004.58
WARNING z8-00344649-05: masking spot 800 at x=1092.23 y=2186.61 with large chi2 = 705.877>664.772+0*59.8789=664.772
WARNING z8-00344649-05: masking spot 803 at x=1113.91 y=2185.14 with large chi2 = 667.912>666.354+0*60.4398=666.354
WARNING z8-00344649-05: masking spot 804 at x=1121.23 y=2184.62 with large chi2 = 720.263>664.173+0*59.3904=664.173
WARNING z8-00344649-05: masking spot 807 at x=1143.02 y=2183.22 with large chi2 = 702.482>664.914+0*59.9717=664.914
WARNING z8-00344649-05: masking spot 808 at x=1150.18 y=2182.72 with large chi2 = 700.693>664.988+0*60.0173=664.988
WARNING z8-00344649-05: masking spot 810 at x=1164.66 y=2181.79 with large chi2 = 697.483>665.122+0*60.093=665.122
WARNING z8-00344649-05: masking spot 812 at x=1179.21 y=2180.85 with large chi2 = 752.953>662.811+0*57.6891=662.811
WARNING z8-00344649-05: masking spot 814 at x=1193.75 y=2179.93 with large chi2 = 770.542>662.078+0*56.4135=662.078
WARNING z8-00344649-05: masking spot 816 at x=1208.22 y=2179.03 with large chi2 = 716.529>664.328+0*59.5321=664.328
WARNING z8-00344649-05: masking spot 817 at x=1215.42 y=2178.57 with large chi2 = 723.057>664.056+0*59.2775=664.056
WARNING z8-00344649-05: masking spot 819 at x=1229.95 y=2177.65 with large chi2 = 731.389>663.709+0*58.9054=663.709
WARNING z8-00344649-05: masking spot 820 at x=1237.17 y=2177.24 with large chi2 = 673.884>666.105+0*60.4206=666.105
WARNING z8-00344649-05: masking spot 821 at x=1244.44 y=2176.83 with large chi2 = 716.136>664.345+0*59.5464=664.345
WARNING z8-00344649-05: masking spot 825 at x=1092.21 y=2201.46 with large chi2 = 6500.82>6063.88+0*329.618=6063.88
WARNING z8-00344649-05: masking spot 827 at x=1106.67 y=2200.48 with large chi2 = 6242.79>6074.63+0*339.343=6074.63
WARNING z8-00344649-05: masking spot 829 at x=1121.21 y=2199.46 with large chi2 = 6597.87>6059.83+0*323.582=6059.83
WARNING z8-00344649-05: masking spot 832 at x=1143 y=2198.06 with large chi2 = 6232.54>6075.06+0*339.548=6075.06
WARNING z8-00344649-05: masking spot 835 at x=1164.64 y=2196.63 with large chi2 = 6097.89>6080.67+0*340.988=6080.67
WARNING z8-00344649-05: masking spot 838 at x=1186.41 y=2195.19 with large chi2 = 6311.88>6071.75+0*337.607=6071.75
WARNING z8-00344649-05: masking spot 839 at x=1193.73 y=2194.76 with large chi2 = 6315.15>6071.61+0*337.509=6071.61
WARNING z8-00344649-05: masking spot 840 at x=1200.89 y=2194.32 with large chi2 = 6349.26>6070.19+0*336.407=6070.19
WARNING z8-00344649-05: masking spot 842 at x=1215.4 y=2193.4 with large chi2 = 6320.69>6071.38+0*337.34=6071.38
WARNING z8-00344649-05: masking spot 844 at x=1229.93 y=2192.48 with large chi2 = 6689.15>6056.03+0*316.624=6056.03
WARNING z8-00344649-05: masking spot 845 at x=1237.16 y=2192.07 with large chi2 = 6334.17>6070.82+0*336.913=6070.82
WARNING z8-00344649-05: masking spot 846 at x=1244.42 y=2191.66 with large chi2 = 6135.53>6079.1+0*340.818=6079.1
WARNING z8-00344649-05: masking spot 847 at x=1251.67 y=2191.22 with large chi2 = 6128.63>6079.39+0*340.863=6079.39
WARNING z8-00344649-05: masking spot 851 at x=1099.44 y=2206.15 with large chi2 = 2879.04>2735.68+0*203.304=2735.68
WARNING z8-00344649-05: masking spot 853 at x=1113.88 y=2205.17 with large chi2 = 2924.13>2733.8+0*201.757=2733.8
WARNING z8-00344649-05: masking spot 857 at x=1142.99 y=2203.25 with large chi2 = 3113.83>2725.89+0*190.092=2725.89
WARNING z8-00344649-05: masking spot 861 at x=1171.93 y=2201.35 with large chi2 = 2769.79>2740.23+0*205.231=2740.23
WARNING z8-00344649-05: masking spot 862 at x=1179.18 y=2200.87 with large chi2 = 2800.61>2738.94+0*204.945=2738.94
WARNING z8-00344649-05: masking spot 863 at x=1186.41 y=2200.37 with large chi2 = 3060.44>2728.12+0*194.261=2728.12
WARNING z8-00344649-05: masking spot 864 at x=1193.73 y=2199.95 with large chi2 = 2908.44>2734.45+0*202.346=2734.45
WARNING z8-00344649-05: masking spot 866 at x=1208.19 y=2199.05 with large chi2 = 2834.94>2737.51+0*204.389=2737.51
WARNING z8-00344649-05: masking spot 868 at x=1222.65 y=2198.12 with large chi2 = 2935.09>2733.34+0*201.312=2733.34
WARNING z8-00344649-05: masking spot 870 at x=1237.15 y=2197.25 with large chi2 = 3115.32>2725.83+0*189.965=2725.83
WARNING z8-00344649-05: masking spot 872 at x=1251.66 y=2196.4 with large chi2 = 2982.49>2731.37+0*199.079=2731.37
WARNING z8-00344649-05: masking spot 875 at x=1091.97 y=2323.17 with large chi2 = 2037.92>1945.71+0*97.365=1945.71
WARNING z8-00344649-05: masking spot 876 at x=1099.21 y=2322.66 with large chi2 = 2009.91>1946.88+0*98.2909=1946.88
WARNING z8-00344649-05: masking spot 878 at x=1113.65 y=2321.66 with large chi2 = 1963.4>1948.82+0*99.053=1948.82
WARNING z8-00344649-05: masking spot 879 at x=1120.98 y=2321.14 with large chi2 = 1981.74>1948.05+0*98.8666=1948.05
WARNING z8-00344649-05: masking spot 882 at x=1142.77 y=2319.71 with large chi2 = 1963.67>1948.81+0*99.0513=1948.81
WARNING z8-00344649-05: masking spot 883 at x=1149.93 y=2319.19 with large chi2 = 1994.19>1947.54+0*98.6556=1947.54
WARNING z8-00344649-05: masking spot 885 at x=1164.42 y=2318.25 with large chi2 = 1958.18>1949.04+0*99.079=1949.04
WARNING z8-00344649-05: masking spot 887 at x=1178.97 y=2317.29 with large chi2 = 2041.82>1945.55+0*97.2072=1945.55
WARNING z8-00344649-05: masking spot 888 at x=1186.19 y=2316.78 with large chi2 = 2068.46>1944.44+0*95.9413=1944.44
WARNING z8-00344649-05: masking spot 889 at x=1193.52 y=2316.35 with large chi2 = 2080.34>1943.95+0*95.2672=1943.95
WARNING z8-00344649-05: masking spot 890 at x=1200.68 y=2315.9 with large chi2 = 2053.9>1945.05+0*96.675=1945.05
WARNING z8-00344649-05: masking spot 891 at x=1207.99 y=2315.44 with large chi2 = 1950.93>1949.34+0*99.0954=1949.34
WARNING z8-00344649-05: masking spot 893 at x=1222.45 y=2314.5 with large chi2 = 2045.24>1945.41+0*97.0637=1945.41
WARNING z8-00344649-05: masking spot 896 at x=1244.22 y=2313.2 with large chi2 = 2003.8>1947.13+0*98.4457=1947.13
WARNING z8-00344649-05: masking spot 900 at x=1091.92 y=2342.99 with large chi2 = 1077.03>1061.46+0*59.9121=1061.46
WARNING z8-00344649-05: masking spot 904 at x=1120.93 y=2340.95 with large chi2 = 1062.3>1062.07+0*59.993=1062.07
WARNING z8-00344649-05: masking spot 907 at x=1142.73 y=2339.52 with large chi2 = 1123.94>1059.5+0*58.5922=1059.5
WARNING z8-00344649-05: masking spot 908 at x=1149.89 y=2339.01 with large chi2 = 1066.81>1061.88+0*59.9849=1061.88
WARNING z8-00344649-05: masking spot 912 at x=1178.93 y=2337.09 with large chi2 = 1078.45>1061.4+0*59.8959=1061.4
WARNING z8-00344649-05: masking spot 913 at x=1186.15 y=2336.59 with large chi2 = 1086.22>1061.07+0*59.7818=1061.07
WARNING z8-00344649-05: masking spot 914 at x=1193.47 y=2336.16 with large chi2 = 1181.63>1057.1+0*54.5786=1057.1
WARNING z8-00344649-05: masking spot 915 at x=1200.64 y=2335.7 with large chi2 = 1079.68>1061.34+0*59.8808=1061.34
WARNING z8-00344649-05: masking spot 916 at x=1207.95 y=2335.24 with large chi2 = 1147.58>1058.52+0*57.2872=1058.52
WARNING z8-00344649-05: masking spot 919 at x=1229.69 y=2333.83 with large chi2 = 1106.65>1060.22+0*59.2699=1060.22
WARNING z8-00344649-05: masking spot 920 at x=1236.91 y=2333.4 with large chi2 = 1155.43>1058.19+0*56.7532=1058.19
WARNING z8-00344649-05: masking spot 921 at x=1244.18 y=2332.99 with large chi2 = 1117.68>1059.76+0*58.8639=1059.76
WARNING z8-00344649-05: masking spot 925 at x=1091.67 y=2432.84 with large chi2 = 448.905>395.897+0*29.9691=395.897
WARNING z8-00344649-05: masking spot 926 at x=1098.92 y=2432.33 with large chi2 = 437.689>396.364+0*30.6958=396.364
WARNING z8-00344649-05: masking spot 928 at x=1113.36 y=2431.31 with large chi2 = 418.978>397.144+0*31.4877=397.144
WARNING z8-00344649-05: masking spot 932 at x=1142.49 y=2429.32 with large chi2 = 415.602>397.285+0*31.5772=397.285
WARNING z8-00344649-05: masking spot 933 at x=1149.65 y=2428.8 with large chi2 = 415.734>397.279+0*31.574=397.279
WARNING z8-00344649-05: masking spot 937 at x=1178.7 y=2426.86 with large chi2 = 423.454>396.957+0*31.3442=396.957
WARNING z8-00344649-05: masking spot 938 at x=1185.92 y=2426.35 with large chi2 = 432.527>396.579+0*30.9653=396.579
WARNING z8-00344649-05: masking spot 939 at x=1193.25 y=2425.92 with large chi2 = 460.75>395.403+0*28.9782=395.403
WARNING z8-00344649-05: masking spot 940 at x=1200.41 y=2425.45 with large chi2 = 412.069>397.432+0*31.6539=397.432
WARNING z8-00344649-05: masking spot 941 at x=1207.73 y=2424.99 with large chi2 = 404.726>397.738+0*31.7583=397.738
WARNING z8-00344649-05: masking spot 943 at x=1222.19 y=2424.03 with large chi2 = 419.956>397.103+0*31.4587=397.103
WARNING z8-00344649-05: masking spot 946 at x=1243.97 y=2422.71 with large chi2 = 415.906>397.272+0*31.5698=397.272
WARNING z8-00344649-05: masking spot 950 at x=1089.43 y=2943.23 with large chi2 = 396.968>355.581+0*35.585=355.581
WARNING z8-00344649-05: masking spot 955 at x=1125.75 y=2940.57 with large chi2 = 371.686>356.634+0*36.4108=356.634
WARNING z8-00344649-05: masking spot 957 at x=1140.34 y=2939.51 with large chi2 = 397.668>355.552+0*35.5508=355.552
WARNING z8-00344649-05: masking spot 958 at x=1147.53 y=2938.95 with large chi2 = 384.392>356.105+0*36.0943=356.105
WARNING z8-00344649-05: masking spot 962 at x=1176.63 y=2936.91 with large chi2 = 391.072>355.827+0*35.8486=355.827
WARNING z8-00344649-05: masking spot 963 at x=1183.87 y=2936.36 with large chi2 = 365.142>356.907+0*36.4979=356.907
WARNING z8-00344649-05: masking spot 964 at x=1191.2 y=2935.91 with large chi2 = 415.658>354.802+0*34.4481=354.802
WARNING z8-00344649-05: masking spot 967 at x=1212.91 y=2934.39 with large chi2 = 369.475>356.727+0*36.446=356.727
WARNING z8-00344649-05: masking spot 969 at x=1227.52 y=2933.38 with large chi2 = 382.459>356.186+0*36.1552=356.186
WARNING z8-00344649-05: masking spot 970 at x=1234.74 y=2932.93 with large chi2 = 436.725>353.924+0*32.5664=353.924
WARNING z8-00344649-05: masking spot 971 at x=1242.04 y=2932.46 with large chi2 = 386.84>356.003+0*36.0107=356.003
WARNING z8-00344649-05: masking spot 975 at x=1089.42 y=2945.85 with large chi2 = 405.784>334.702+0*33.6428=334.702
WARNING z8-00344649-05: masking spot 980 at x=1125.73 y=2943.18 with large chi2 = 367.833>336.283+0*35.974=336.283
WARNING z8-00344649-05: masking spot 982 at x=1140.33 y=2942.13 with large chi2 = 373.595>336.043+0*35.7427=336.043
WARNING z8-00344649-05: masking spot 983 at x=1147.51 y=2941.57 with large chi2 = 347.319>337.138+0*36.4664=337.138
WARNING z8-00344649-05: masking spot 987 at x=1176.61 y=2939.53 with large chi2 = 342.346>337.345+0*36.5095=337.345
WARNING z8-00344649-05: masking spot 988 at x=1183.85 y=2938.98 with large chi2 = 375.307>335.972+0*35.6659=335.972
WARNING z8-00344649-05: masking spot 989 at x=1191.19 y=2938.52 with large chi2 = 349.831>337.033+0*36.4334=337.033
WARNING z8-00344649-05: masking spot 992 at x=1212.9 y=2937.01 with large chi2 = 352.786>336.91+0*36.3849=336.91
WARNING z8-00344649-05: masking spot 994 at x=1227.51 y=2935.99 with large chi2 = 365.563>336.378+0*36.0538=336.378
WARNING z8-00344649-05: masking spot 995 at x=1234.73 y=2935.55 with large chi2 = 393.594>335.21+0*34.6063=335.21
WARNING z8-00344649-05: masking spot 996 at x=1242.02 y=2935.07 with large chi2 = 403.04>334.816+0*33.8787=334.816
WARNING z8-00344649-05: masking spot 997 at x=1249.28 y=2934.61 with large chi2 = 345.219>337.226+0*36.4882=337.226
WARNING z8-00344649-05: masking spot 1000 at x=1087.88 y=3209.17 with large chi2 = 162.799>158.683+0*19.3763=158.683
WARNING z8-00344649-05: masking spot 1002 at x=1102.37 y=3208.11 with large chi2 = 162.465>158.697+0*19.3791=158.697
WARNING z8-00344649-05: masking spot 1003 at x=1109.65 y=3207.56 with large chi2 = 178.106>158.045+0*18.9742=158.045
WARNING z8-00344649-05: masking spot 1004 at x=1117 y=3206.99 with large chi2 = 164.415>158.615+0*19.3591=158.615
WARNING z8-00344649-05: masking spot 1012 at x=1175.18 y=3202.75 with large chi2 = 161.018>158.757+0*19.3885=158.757
WARNING z8-00344649-05: masking spot 1014 at x=1189.77 y=3201.71 with large chi2 = 190.415>157.532+0*18.2447=157.532
WARNING z8-00344649-05: masking spot 1016 at x=1204.32 y=3200.69 with large chi2 = 178.589>158.025+0*18.9527=158.025
WARNING z8-00344649-05: masking spot 1019 at x=1226.13 y=3199.11 with large chi2 = 170.9>158.345+0*19.2306=158.345
WARNING z8-00344649-05: masking spot 1020 at x=1233.37 y=3198.66 with large chi2 = 207.046>156.839+0*16.5918=156.839
WARNING z8-00344649-05: masking spot 1021 at x=1240.67 y=3198.15 with large chi2 = 172.922>158.261+0*19.1709=158.261
WARNING z8-00344649-05: masking spot 1022 at x=1247.92 y=3197.72 with large chi2 = 188.456>157.614+0*18.3866=157.614
WARNING z8-00344649-05: masking spot 1024 at x=1262.37 y=3196.71 with large chi2 = 160.024>158.798+0*19.3922=158.798
WARNING z8-00344649-05: masking spot 1025 at x=1086.52 y=289.885 with large chi2 = 6896.27>6712.69+0*317.283=6712.69
WARNING z8-00344649-05: masking spot 1026 at x=1093.74 y=289.457 with large chi2 = 6777.08>6717.65+0*319.179=6717.65
WARNING z8-00344649-05: masking spot 1028 at x=1108.18 y=288.59 with large chi2 = 6946.83>6710.58+0*315.886=6710.58
WARNING z8-00344649-05: masking spot 1029 at x=1115.52 y=288.146 with large chi2 = 6816.3>6716.02+0*318.77=6716.02
WARNING z8-00344649-05: masking spot 1032 at x=1137.36 y=286.929 with large chi2 = 6958.09>6710.11+0*315.526=6710.11
WARNING z8-00344649-05: masking spot 1037 at x=1173.66 y=284.898 with large chi2 = 7010.12>6707.94+0*313.63=6707.94
WARNING z8-00344649-05: masking spot 1039 at x=1188.25 y=284.108 with large chi2 = 7473>6688.66+0*278.224=6688.66
WARNING z8-00344649-05: masking spot 1040 at x=1195.44 y=283.704 with large chi2 = 6922.49>6711.6+0*316.603=6711.6
WARNING z8-00344649-05: masking spot 1041 at x=1202.77 y=283.334 with large chi2 = 6903.99>6712.37+0*317.093=6712.37
WARNING z8-00344649-05: masking spot 1042 at x=1209.98 y=282.908 with large chi2 = 6797.54>6716.8+0*318.992=6716.8
WARNING z8-00344649-05: masking spot 1043 at x=1217.26 y=282.522 with large chi2 = 6752.23>6718.69+0*319.33=6718.69
WARNING z8-00344649-05: masking spot 1044 at x=1224.54 y=282.124 with large chi2 = 6790.22>6717.11+0*319.065=6717.11
WARNING z8-00344649-05: masking spot 1045 at x=1231.79 y=281.744 with large chi2 = 6949.73>6710.46+0*315.795=6710.46
WARNING z8-00344649-05: masking spot 1046 at x=1239.07 y=281.383 with large chi2 = 6995.28>6708.56+0*314.21=6708.56
WARNING z8-00344649-05: masking spot 1050 at x=1086.59 y=311.852 with large chi2 = 36967.4>35601.1+0*1573.36=35601.1
WARNING z8-00344649-05: masking spot 1051 at x=1093.82 y=311.421 with large chi2 = 36099.1>35637.2+0*1594.24=35637.2
WARNING z8-00344649-05: masking spot 1053 at x=1108.26 y=310.56 with large chi2 = 36764.8>35609.5+0*1580.11=35609.5
WARNING z8-00344649-05: masking spot 1054 at x=1115.6 y=310.116 with large chi2 = 36422.1>35623.8+0*1588.91=35623.8
WARNING z8-00344649-05: masking spot 1057 at x=1137.45 y=308.9 with large chi2 = 37036.1>35598.2+0*1570.81=35598.2
WARNING z8-00344649-05: masking spot 1062 at x=1173.74 y=306.865 with large chi2 = 37471.8>35580+0*1551.45=35580
WARNING z8-00344649-05: masking spot 1063 at x=1181.03 y=306.421 with large chi2 = 36139.5>35635.6+0*1593.73=35635.6
WARNING z8-00344649-05: masking spot 1064 at x=1188.33 y=306.072 with large chi2 = 38338.5>35543.9+0*1495.91=35543.9
WARNING z8-00344649-05: masking spot 1065 at x=1195.52 y=305.674 with large chi2 = 36385.6>35625.3+0*1589.66=35625.3
WARNING z8-00344649-05: masking spot 1066 at x=1202.84 y=305.3 with large chi2 = 36968.1>35601+0*1573.34=35601
WARNING z8-00344649-05: masking spot 1069 at x=1224.62 y=304.089 with large chi2 = 36075.8>35638.2+0*1594.52=35638.2
WARNING z8-00344649-05: masking spot 1070 at x=1231.87 y=303.711 with large chi2 = 37426.5>35581.9+0*1553.72=35581.9
WARNING z8-00344649-05: masking spot 1071 at x=1239.15 y=303.356 with large chi2 = 36887.3>35604.4+0*1576.17=35604.4
WARNING z8-00344649-05: masking spot 1075 at x=1087.1 y=442.338 with large chi2 = 4394.57>4155.35+0*186.161=4155.35
WARNING z8-00344649-05: masking spot 1078 at x=1108.8 y=441.057 with large chi2 = 4215.26>4162.82+0*191.925=4162.82
WARNING z8-00344649-05: masking spot 1079 at x=1116.15 y=440.616 with large chi2 = 4290.97>4159.67+0*190.409=4159.67
WARNING z8-00344649-05: masking spot 1082 at x=1137.98 y=439.401 with large chi2 = 4202.47>4163.35+0*192.052=4163.35
WARNING z8-00344649-05: masking spot 1085 at x=1159.68 y=438.159 with large chi2 = 4179.28>4164.32+0*192.188=4164.32
WARNING z8-00344649-05: masking spot 1087 at x=1174.25 y=437.351 with large chi2 = 4295.17>4159.49+0*190.286=4159.49
WARNING z8-00344649-05: masking spot 1089 at x=1188.84 y=436.549 with large chi2 = 4452.35>4152.94+0*182.645=4152.94
WARNING z8-00344649-05: masking spot 1090 at x=1196.02 y=436.169 with large chi2 = 4344.98>4157.42+0*188.515=4157.42
WARNING z8-00344649-05: masking spot 1091 at x=1203.34 y=435.781 with large chi2 = 4384.98>4155.75+0*186.664=4155.75
WARNING z8-00344649-05: masking spot 1094 at x=1225.12 y=434.57 with large chi2 = 4238.34>4161.86+0*191.601=4161.86
WARNING z8-00344649-05: masking spot 1095 at x=1232.37 y=434.2 with large chi2 = 4397.51>4155.23+0*186.003=4155.23
WARNING z8-00344649-05: masking spot 1096 at x=1239.65 y=433.867 with large chi2 = 4339.82>4157.63+0*188.726=4157.63
WARNING z8-00344649-05: masking spot 1097 at x=1246.93 y=433.506 with large chi2 = 4271.12>4160.49+0*190.933=4160.49
WARNING z8-00344649-05: masking spot 1100 at x=1087.16 y=456.867 with large chi2 = 6866.34>6658.02+0*299.095=6658.02
WARNING z8-00344649-05: masking spot 1101 at x=1094.42 y=456.428 with large chi2 = 6750.52>6662.85+0*301.474=6662.85
WARNING z8-00344649-05: masking spot 1103 at x=1108.86 y=455.585 with large chi2 = 6797.02>6660.91+0*300.754=6660.91
WARNING z8-00344649-05: masking spot 1104 at x=1116.22 y=455.145 with large chi2 = 6748.93>6662.91+0*301.493=6662.91
WARNING z8-00344649-05: masking spot 1107 at x=1138.04 y=453.93 with large chi2 = 6860.95>6658.24+0*299.249=6658.24
WARNING z8-00344649-05: masking spot 1108 at x=1145.22 y=453.482 with large chi2 = 6721.37>6664.06+0*301.766=6664.06
WARNING z8-00344649-05: masking spot 1112 at x=1174.31 y=451.879 with large chi2 = 7029.59>6651.22+0*292.348=6651.22
WARNING z8-00344649-05: masking spot 1114 at x=1188.9 y=451.077 with large chi2 = 7175.17>6645.15+0*282.767=6645.15
WARNING z8-00344649-05: masking spot 1115 at x=1196.08 y=450.697 with large chi2 = 6828.37>6659.6+0*300.091=6659.6
WARNING z8-00344649-05: masking spot 1116 at x=1203.4 y=450.309 with large chi2 = 6984.32>6653.1+0*294.628=6653.1
WARNING z8-00344649-05: masking spot 1117 at x=1210.61 y=449.912 with large chi2 = 6668.62>6666.26+0*301.983=6666.26
WARNING z8-00344649-05: masking spot 1119 at x=1225.18 y=449.097 with large chi2 = 6830.49>6659.51+0*300.041=6659.51
WARNING z8-00344649-05: masking spot 1120 at x=1232.43 y=448.728 with large chi2 = 7038.93>6650.83+0*291.837=6650.83
WARNING z8-00344649-05: masking spot 1121 at x=1239.71 y=448.397 with large chi2 = 6924.71>6655.59+0*297.148=6655.59
WARNING z8-00344649-05: masking spot 1125 at x=1088.32 y=708.533 with large chi2 = 9218.24>8887.44+0*405.376=8887.44
WARNING z8-00344649-05: masking spot 1126 at x=1095.59 y=708.094 with large chi2 = 9075.25>8893.4+0*409.126=8893.4
WARNING z8-00344649-05: masking spot 1128 at x=1110.03 y=707.248 with large chi2 = 8909.38>8900.31+0*410.736=8900.31
WARNING z8-00344649-05: masking spot 1129 at x=1117.39 y=706.814 with large chi2 = 9353.63>8881.8+0*399.753=8881.8
WARNING z8-00344649-05: masking spot 1132 at x=1139.2 y=705.591 with large chi2 = 9205.34>8887.98+0*405.806=8887.98
WARNING z8-00344649-05: masking spot 1133 at x=1146.37 y=705.148 with large chi2 = 9134.21>8890.94+0*407.848=8890.94
WARNING z8-00344649-05: masking spot 1135 at x=1160.88 y=704.347 with large chi2 = 8914.62>8900.09+0*410.729=8900.09
WARNING z8-00344649-05: masking spot 1137 at x=1175.44 y=703.533 with large chi2 = 9188.58>8888.67+0*406.337=8888.67
WARNING z8-00344649-05: masking spot 1139 at x=1190.02 y=702.734 with large chi2 = 9402.38>8879.77+0*397.218=8879.77
WARNING z8-00344649-05: masking spot 1140 at x=1197.2 y=702.341 with large chi2 = 9179.8>8889.04+0*406.602=8889.04
WARNING z8-00344649-05: masking spot 1141 at x=1204.5 y=701.957 with large chi2 = 9145.19>8890.48+0*407.569=8890.48
WARNING z8-00344649-05: masking spot 1144 at x=1226.29 y=700.75 with large chi2 = 9226.07>8887.11+0*405.107=8887.11
WARNING z8-00344649-05: masking spot 1145 at x=1233.52 y=700.388 with large chi2 = 9365.21>8881.32+0*399.175=8881.32
WARNING z8-00344649-05: masking spot 1146 at x=1240.8 y=700.056 with large chi2 = 9186.64>8888.76+0*406.396=8888.76
WARNING z8-00344649-05: masking spot 1147 at x=1248.07 y=699.686 with large chi2 = 8980.53>8897.34+0*410.403=8897.34
WARNING z8-00344649-05: masking spot 1150 at x=1089.9 y=1032.72 with large chi2 = 7116.65>6892.01+0*311.421=6892.01
WARNING z8-00344649-05: masking spot 1151 at x=1097.15 y=1032.28 with large chi2 = 7048.86>6894.84+0*313.133=6894.84
WARNING z8-00344649-05: masking spot 1153 at x=1111.58 y=1031.42 with large chi2 = 6993.14>6897.16+0*314.059=6897.16
WARNING z8-00344649-05: masking spot 1154 at x=1118.93 y=1030.99 with large chi2 = 7122.34>6891.77+0*311.247=6891.77
WARNING z8-00344649-05: masking spot 1157 at x=1140.73 y=1029.74 with large chi2 = 7061.86>6894.29+0*312.855=6894.29
WARNING z8-00344649-05: masking spot 1160 at x=1162.39 y=1028.49 with large chi2 = 6932.87>6899.67+0*314.575=6899.67
WARNING z8-00344649-05: masking spot 1162 at x=1176.95 y=1027.67 with large chi2 = 7345.12>6882.49+0*300.733=6882.49
WARNING z8-00344649-05: masking spot 1163 at x=1184.2 y=1027.22 with large chi2 = 7014.71>6896.26+0*313.752=6896.26
WARNING z8-00344649-05: masking spot 1164 at x=1191.51 y=1026.87 with large chi2 = 7388.3>6880.69+0*297.816=6880.69
WARNING z8-00344649-05: masking spot 1165 at x=1198.68 y=1026.45 with large chi2 = 6987.41>6897.4+0*314.129=6897.4
WARNING z8-00344649-05: masking spot 1166 at x=1205.99 y=1026.08 with large chi2 = 7258.32>6886.11+0*305.712=6886.11
WARNING z8-00344649-05: masking spot 1168 at x=1220.45 y=1025.27 with large chi2 = 7037.89>6895.29+0*313.35=6895.29
WARNING z8-00344649-05: masking spot 1169 at x=1227.75 y=1024.86 with large chi2 = 6993.49>6897.14+0*314.054=6897.14
WARNING z8-00344649-05: masking spot 1170 at x=1234.97 y=1024.5 with large chi2 = 7107.82>6892.38+0*311.681=6892.38
WARNING z8-00344649-05: masking spot 1171 at x=1242.24 y=1024.14 with large chi2 = 6994.28>6897.11+0*314.044=6897.11
WARNING z8-00344649-05: masking spot 1172 at x=1249.5 y=1023.76 with large chi2 = 7002.11>6896.78+0*313.939=6896.78
WARNING z8-00344649-05: masking spot 1175 at x=1090.81 y=1241.06 with large chi2 = 28345.3>27734.3+0*1231.93=27734.3
WARNING z8-00344649-05: masking spot 1176 at x=1098.05 y=1240.62 with large chi2 = 28039.5>27747+0*1236.59=27747
WARNING z8-00344649-05: masking spot 1178 at x=1112.48 y=1239.75 with large chi2 = 28390.6>27732.4+0*1230.96=27732.4
WARNING z8-00344649-05: masking spot 1179 at x=1119.82 y=1239.31 with large chi2 = 28193.1>27740.6+0*1234.66=27740.6
WARNING z8-00344649-05: masking spot 1182 at x=1141.61 y=1238.04 with large chi2 = 28879.3>27712+0*1215.76=27712
WARNING z8-00344649-05: masking spot 1183 at x=1148.77 y=1237.6 with large chi2 = 27927.1>27751.7+0*1237.48=27751.7
WARNING z8-00344649-05: masking spot 1187 at x=1177.82 y=1235.95 with large chi2 = 29143.7>27701+0*1203.88=27701
WARNING z8-00344649-05: masking spot 1188 at x=1185.06 y=1235.49 with large chi2 = 27990.8>27749+0*1237.03=27749
WARNING z8-00344649-05: masking spot 1189 at x=1192.37 y=1235.14 with large chi2 = 29910.4>27669+0*1153.96=27669
WARNING z8-00344649-05: masking spot 1190 at x=1199.54 y=1234.71 with large chi2 = 28191.7>27740.7+0*1234.68=27740.7
WARNING z8-00344649-05: masking spot 1191 at x=1206.84 y=1234.33 with large chi2 = 28886.7>27711.7+0*1215.47=27711.7
WARNING z8-00344649-05: masking spot 1193 at x=1221.3 y=1233.52 with large chi2 = 27879.9>27753.7+0*1237.72=27753.7
WARNING z8-00344649-05: masking spot 1194 at x=1228.58 y=1233.1 with large chi2 = 28506.8>27727.5+0*1228.13=27727.5
WARNING z8-00344649-05: masking spot 1195 at x=1235.81 y=1232.73 with large chi2 = 29496.7>27686.3+0*1183.84=27686.3
WARNING z8-00344649-05: masking spot 1196 at x=1243.07 y=1232.36 with large chi2 = 28493.1>27728.1+0*1228.49=27728.1
WARNING z8-00344649-05: masking spot 1200 at x=1092.25 y=1755.41 with large chi2 = 9073.53>8789.81+0*417.499=8789.81
WARNING z8-00344649-05: masking spot 1201 at x=1099.49 y=1754.93 with large chi2 = 8934.4>8795.61+0*420.422=8795.61
WARNING z8-00344649-05: masking spot 1203 at x=1113.92 y=1754.03 with large chi2 = 9064.58>8790.18+0*417.748=8790.18
WARNING z8-00344649-05: masking spot 1204 at x=1121.24 y=1753.55 with large chi2 = 8850.05>8799.12+0*421.214=8799.12
WARNING z8-00344649-05: masking spot 1207 at x=1143.02 y=1752.22 with large chi2 = 9097.72>8788.8+0*416.783=8788.8
WARNING z8-00344649-05: masking spot 1208 at x=1150.18 y=1751.75 with large chi2 = 8964.12>8794.37+0*419.968=8794.37
WARNING z8-00344649-05: masking spot 1210 at x=1164.66 y=1750.88 with large chi2 = 8950.82>8794.92+0*420.182=8794.92
WARNING z8-00344649-05: masking spot 1212 at x=1179.21 y=1750 with large chi2 = 8935.01>8795.58+0*420.414=8795.58
WARNING z8-00344649-05: masking spot 1213 at x=1186.43 y=1749.53 with large chi2 = 8942.28>8795.28+0*420.311=8795.28
WARNING z8-00344649-05: masking spot 1214 at x=1193.75 y=1749.13 with large chi2 = 9374.05>8777.29+0*404.08=8777.29
WARNING z8-00344649-05: masking spot 1215 at x=1200.91 y=1748.71 with large chi2 = 8919.16>8796.24+0*420.62=8796.24
WARNING z8-00344649-05: masking spot 1216 at x=1208.21 y=1748.29 with large chi2 = 9217.84>8783.8+0*412.298=8783.8
WARNING z8-00344649-05: masking spot 1218 at x=1222.66 y=1747.42 with large chi2 = 9050.88>8790.76+0*418.113=8790.76
WARNING z8-00344649-05: masking spot 1219 at x=1229.92 y=1746.99 with large chi2 = 8856.39>8798.86+0*421.18=8798.86
WARNING z8-00344649-05: masking spot 1220 at x=1237.15 y=1746.59 with large chi2 = 9412.81>8775.68+0*401.607=8775.68
WARNING z8-00344649-05: masking spot 1221 at x=1244.41 y=1746.21 with large chi2 = 9030.3>8791.61+0*418.625=8791.61
WARNING z8-00344649-05: masking spot 1225 at x=1092.22 y=2190.57 with large chi2 = 19292.5>13552.5+0*3831.16=13552.5
WARNING z8-00344649-05: masking spot 1227 at x=1106.68 y=2189.59 with large chi2 = 18003.4>13606.2+0*3901.58=13606.2
WARNING z8-00344649-05: masking spot 1229 at x=1121.22 y=2188.58 with large chi2 = 19107.4>13560.2+0*3842.51=13560.2
WARNING z8-00344649-05: masking spot 1231 at x=1135.7 y=2187.64 with large chi2 = 16757.3>13658.1+0*3951.14=13658.1
WARNING z8-00344649-05: masking spot 1233 at x=1150.17 y=2186.68 with large chi2 = 17120.2>13643+0*3938.54=13643
WARNING z8-00344649-05: masking spot 1235 at x=1164.66 y=2185.75 with large chi2 = 16102.1>13685.4+0*3970.15=13685.4
WARNING z8-00344649-05: masking spot 1237 at x=1179.21 y=2184.81 with large chi2 = 15901>13693.8+0*3975.03=13693.8
WARNING z8-00344649-05: masking spot 1239 at x=1193.75 y=2183.89 with large chi2 = 14728.6>13742.7+0*3994.6=13742.7
WARNING z8-00344649-05: masking spot 1242 at x=1215.41 y=2182.53 with large chi2 = 19241>13554.7+0*3834.36=13554.7
WARNING z8-00344649-05: masking spot 1244 at x=1229.94 y=2181.61 with large chi2 = 18579.6>13582.2+0*3872.57=13582.2
WARNING z8-00344649-05: masking spot 1246 at x=1244.44 y=2180.79 with large chi2 = 16359.1>13674.7+0*3963.27=13674.7
WARNING z8-00344649-05: masking spot 1249 at x=1266.08 y=2179.52 with large chi2 = 18635.5>13579.9+0*3869.54=13579.9
WARNING z8-00344649-05: masking spot 1250 at x=1092.22 y=2195.04 with large chi2 = 55088.7>53598.4+0*2428.13=53598.4
WARNING z8-00344649-05: masking spot 1251 at x=1099.46 y=2194.54 with large chi2 = 54626.4>53617.6+0*2438.02=53617.6
WARNING z8-00344649-05: masking spot 1253 at x=1113.9 y=2193.57 with large chi2 = 54767.9>53611.7+0*2435.4=53611.7
WARNING z8-00344649-05: masking spot 1254 at x=1121.22 y=2193.05 with large chi2 = 55388>53585.9+0*2419.66=53585.9
WARNING z8-00344649-05: masking spot 1257 at x=1143.01 y=2191.65 with large chi2 = 55480.7>53582+0*2416.71=53582
WARNING z8-00344649-05: masking spot 1260 at x=1164.65 y=2190.22 with large chi2 = 53901.9>53647.8+0*2445.83=53647.8
WARNING z8-00344649-05: masking spot 1262 at x=1179.2 y=2189.27 with large chi2 = 55953>53562.4+0*2399.18=53562.4
WARNING z8-00344649-05: masking spot 1263 at x=1186.42 y=2188.78 with large chi2 = 54543.7>53621.1+0*2439.39=53621.1
WARNING z8-00344649-05: masking spot 1264 at x=1193.74 y=2188.36 with large chi2 = 56868.3>53524.2+0*2353.16=53524.2
WARNING z8-00344649-05: masking spot 1265 at x=1200.9 y=2187.91 with large chi2 = 54827.3>53609.3+0*2434.2=53609.3
WARNING z8-00344649-05: masking spot 1266 at x=1208.21 y=2187.46 with large chi2 = 55905.6>53564.3+0*2401.13=53564.3
WARNING z8-00344649-05: masking spot 1268 at x=1222.66 y=2186.53 with large chi2 = 54123.1>53638.6+0*2444.44=53638.6
WARNING z8-00344649-05: masking spot 1269 at x=1229.94 y=2186.08 with large chi2 = 55196.7>53593.9+0*2425.26=53593.9
WARNING z8-00344649-05: masking spot 1270 at x=1237.16 y=2185.66 with large chi2 = 56585.4>53536+0*2369.12=53536
WARNING z8-00344649-05: masking spot 1271 at x=1244.43 y=2185.26 with large chi2 = 55616.2>53576.4+0*2412.1=53576.4
WARNING z8-00344649-05: masking spot 1275 at x=1091.62 y=2448.24 with large chi2 = 42280.9>40993.8+0*1878.56=40993.8
WARNING z8-00344649-05: masking spot 1276 at x=1098.87 y=2447.73 with large chi2 = 41634.1>41020.8+0*1892.15=41020.8
WARNING z8-00344649-05: masking spot 1278 at x=1113.32 y=2446.71 with large chi2 = 42194.3>40997.5+0*1880.95=40997.5
WARNING z8-00344649-05: masking spot 1279 at x=1120.64 y=2446.17 with large chi2 = 42260.7>40994.7+0*1879.13=40994.7
WARNING z8-00344649-05: masking spot 1282 at x=1142.44 y=2444.72 with large chi2 = 42566.5>40981.9+0*1869.45=40981.9
WARNING z8-00344649-05: masking spot 1283 at x=1149.61 y=2444.2 with large chi2 = 41308.5>41034.4+0*1895.32=41034.4
WARNING z8-00344649-05: masking spot 1287 at x=1178.66 y=2442.26 with large chi2 = 42717.2>40975.7+0*1863.85=40975.7
WARNING z8-00344649-05: masking spot 1288 at x=1185.88 y=2441.74 with large chi2 = 41835.5>41012.4+0*1888.96=41012.4
WARNING z8-00344649-05: masking spot 1289 at x=1193.21 y=2441.31 with large chi2 = 43780.5>40931.4+0*1808.47=40931.4
WARNING z8-00344649-05: masking spot 1290 at x=1200.37 y=2440.84 with large chi2 = 41943.6>41007.9+0*1886.86=41007.9
WARNING z8-00344649-05: masking spot 1291 at x=1207.68 y=2440.38 with large chi2 = 42575.8>40981.6+0*1869.12=40981.6
WARNING z8-00344649-05: masking spot 1293 at x=1222.14 y=2439.42 with large chi2 = 41281.6>41035.5+0*1895.48=41035.5
WARNING z8-00344649-05: masking spot 1294 at x=1229.43 y=2438.95 with large chi2 = 41748.3>41016+0*1890.45=41016
WARNING z8-00344649-05: masking spot 1295 at x=1236.65 y=2438.52 with large chi2 = 43247.1>40953.6+0*1839.79=40953.6
WARNING z8-00344649-05: masking spot 1296 at x=1243.93 y=2438.1 with large chi2 = 42475.9>40985.7+0*1872.55=40985.7
WARNING z8-00344649-05: masking spot 1300 at x=1088.1 y=3172.36 with large chi2 = 60.2313>55.7537+0*9.95707=55.7537
WARNING z8-00344649-05: masking spot 1303 at x=1109.87 y=3170.74 with large chi2 = 69.4344>55.3702+0*9.59339=55.3702
WARNING z8-00344649-05: masking spot 1304 at x=1117.22 y=3170.18 with large chi2 = 62.8414>55.6449+0*9.89311=55.6449
WARNING z8-00344649-05: masking spot 1307 at x=1139.06 y=3168.58 with large chi2 = 58.3268>55.833+0*9.98481=55.833
WARNING z8-00344649-05: masking spot 1310 at x=1160.77 y=3167.01 with large chi2 = 59.302>55.7924+0*9.97259=55.7924
WARNING z8-00344649-05: masking spot 1311 at x=1168.11 y=3166.47 with large chi2 = 62.5539>55.6569+0*9.90164=55.6569
WARNING z8-00344649-05: masking spot 1313 at x=1182.64 y=3165.39 with large chi2 = 58.8161>55.8126+0*9.9792=55.8126
WARNING z8-00344649-05: masking spot 1314 at x=1189.98 y=3164.92 with large chi2 = 71.587>55.2805+0*9.45036=55.2805
WARNING z8-00344649-05: masking spot 1316 at x=1204.52 y=3163.9 with large chi2 = 82.0689>54.8438+0*8.38433=54.8438
WARNING z8-00344649-05: masking spot 1323 at x=1255.41 y=3160.44 with large chi2 = 56.9447>55.8906+0*9.99504=55.8906
WARNING z8-00344649-05: masking spot 1324 at x=1262.56 y=3159.93 with large chi2 = 64.2714>55.5853+0*9.84517=55.5853
WARNING z8-00344649-05: masking spot 1325 at x=1084 y=3883.25 with large chi2 = 3941.7>3845.98+0*178.543=3845.98
WARNING z8-00344649-05: masking spot 1326 at x=1091.29 y=3882.63 with large chi2 = 3999.63>3843.57+0*176.833=3843.57
WARNING z8-00344649-05: masking spot 1328 at x=1105.79 y=3881.58 with large chi2 = 3936.94>3846.18+0*178.646=3846.18
WARNING z8-00344649-05: masking spot 1329 at x=1113.17 y=3881 with large chi2 = 3996.08>3843.72+0*176.962=3843.72
WARNING z8-00344649-05: masking spot 1332 at x=1135.07 y=3879.36 with large chi2 = 4080.73>3840.19+0*173.002=3840.19
WARNING z8-00344649-05: masking spot 1335 at x=1156.85 y=3877.75 with large chi2 = 3878.46>3848.62+0*179.467=3848.62
WARNING z8-00344649-05: masking spot 1337 at x=1171.49 y=3876.67 with large chi2 = 3900.82>3847.69+0*179.251=3847.69
WARNING z8-00344649-05: masking spot 1338 at x=1178.78 y=3876.1 with large chi2 = 3868.01>3849.05+0*179.526=3849.05
WARNING z8-00344649-05: masking spot 1339 at x=1186.11 y=3875.59 with large chi2 = 4109.06>3839.01+0*171.251=3839.01
WARNING z8-00344649-05: masking spot 1340 at x=1193.32 y=3875.11 with large chi2 = 3959.91>3845.23+0*178.095=3845.23
WARNING z8-00344649-05: masking spot 1341 at x=1200.7 y=3874.56 with large chi2 = 3982.21>3844.3+0*177.435=3844.3
WARNING z8-00344649-05: masking spot 1342 at x=1207.9 y=3874.02 with large chi2 = 3882.43>3848.45+0*179.437=3848.45
WARNING z8-00344649-05: masking spot 1343 at x=1215.25 y=3873.49 with large chi2 = 3880.7>3848.53+0*179.451=3848.53
WARNING z8-00344649-05: masking spot 1344 at x=1222.56 y=3872.95 with large chi2 = 3947.47>3845.74+0*178.41=3845.74
WARNING z8-00344649-05: masking spot 1345 at x=1229.84 y=3872.48 with large chi2 = 3975.29>3844.58+0*177.653=3844.58
WARNING z8-00344649-05: masking spot 1346 at x=1237.14 y=3871.97 with large chi2 = 4019.88>3842.73+0*176.036=3842.73
WARNING z8-00344649-05: masking spot 1350 at x=1091.07 y=1307.68 with large chi2 = 11743.1>11511.6+0*535.007=11511.6
WARNING z8-00344649-05: masking spot 1351 at x=1098.31 y=1307.23 with large chi2 = 11523.3>11520.8+0*537.005=11520.8
WARNING z8-00344649-05: masking spot 1353 at x=1112.74 y=1306.36 with large chi2 = 11774.6>11510.3+0*534.398=11510.3
WARNING z8-00344649-05: masking spot 1354 at x=1120.08 y=1305.91 with large chi2 = 11787.5>11509.8+0*534.125=11509.8
WARNING z8-00344649-05: masking spot 1357 at x=1141.87 y=1304.64 with large chi2 = 11755.6>11511.1+0*534.775=11511.1
WARNING z8-00344649-05: masking spot 1358 at x=1149.02 y=1304.19 with large chi2 = 11894.1>11505.3+0*531.345=11505.3
WARNING z8-00344649-05: masking spot 1362 at x=1178.07 y=1302.53 with large chi2 = 12235.3>11491.1+0*515.965=11491.1
WARNING z8-00344649-05: masking spot 1363 at x=1185.31 y=1302.08 with large chi2 = 11714.5>11512.8+0*535.489=11512.8
WARNING z8-00344649-05: masking spot 1364 at x=1192.62 y=1301.72 with large chi2 = 12120.8>11495.9+0*522.261=11495.9
WARNING z8-00344649-05: masking spot 1365 at x=1199.78 y=1301.29 with large chi2 = 11704.6>11513.2+0*535.639=11513.2
WARNING z8-00344649-05: masking spot 1366 at x=1207.09 y=1300.91 with large chi2 = 12022.5>11500+0*526.738=11500
WARNING z8-00344649-05: masking spot 1367 at x=1214.28 y=1300.48 with large chi2 = 11574.8>11518.6+0*536.888=11518.6
WARNING z8-00344649-05: masking spot 1368 at x=1221.54 y=1300.09 with large chi2 = 11656.4>11515.2+0*536.263=11515.2
WARNING z8-00344649-05: masking spot 1369 at x=1228.82 y=1299.67 with large chi2 = 11815.5>11508.6+0*533.485=11508.6
WARNING z8-00344649-05: masking spot 1370 at x=1236.05 y=1299.3 with large chi2 = 12167.4>11493.9+0*519.838=11493.9
WARNING z8-00344649-05: masking spot 1371 at x=1243.3 y=1298.93 with large chi2 = 11851.5>11507.1+0*532.569=11507.1
WARNING z8-00344649-05: masking spot 1372 at x=1250.56 y=1298.54 with large chi2 = 11537.1>11520.2+0*536.995=11520.2
WARNING z8-00344649-05: masking spot 1375 at x=1091.69 y=1493.93 with large chi2 = 318.755>271.511+0*30.9625=271.511
WARNING z8-00344649-05: masking spot 1379 at x=1120.68 y=1492.13 with large chi2 = 288.854>272.757+0*32.2117=272.757
WARNING z8-00344649-05: masking spot 1382 at x=1142.47 y=1490.83 with large chi2 = 310.614>271.85+0*31.4301=271.85
WARNING z8-00344649-05: masking spot 1385 at x=1164.11 y=1489.54 with large chi2 = 292.022>272.625+0*32.1389=272.625
WARNING z8-00344649-05: masking spot 1387 at x=1178.67 y=1488.69 with large chi2 = 278.04>273.207+0*32.3577=273.207
WARNING z8-00344649-05: masking spot 1389 at x=1193.21 y=1487.86 with large chi2 = 331.152>270.994+0*30.0533=270.994
WARNING z8-00344649-05: masking spot 1390 at x=1200.37 y=1487.43 with large chi2 = 283.659>272.973+0*32.3015=272.973
WARNING z8-00344649-05: masking spot 1391 at x=1207.68 y=1487.03 with large chi2 = 309.629>271.891+0*31.48=271.891
WARNING z8-00344649-05: masking spot 1393 at x=1222.13 y=1486.19 with large chi2 = 278.48>273.189+0*32.3549=273.189
WARNING z8-00344649-05: masking spot 1394 at x=1229.4 y=1485.77 with large chi2 = 311.861>271.798+0*31.3649=271.798
WARNING z8-00344649-05: masking spot 1395 at x=1236.63 y=1485.39 with large chi2 = 305.21>272.075+0*31.6866=272.075
WARNING z8-00344649-05: masking spot 1397 at x=1251.13 y=1484.62 with large chi2 = 302.206>272.2+0*31.811=272.2
WARNING z8-00344649-05: masking spot 1400 at x=1092.09 y=2265.83 with large chi2 = 32309.4>31274.7+0*1410.88=31274.7
WARNING z8-00344649-05: masking spot 1403 at x=1113.78 y=2264.34 with large chi2 = 31974.2>31288.7+0*1419.37=31288.7
WARNING z8-00344649-05: masking spot 1404 at x=1121.1 y=2263.81 with large chi2 = 32199.5>31279.3+0*1414.05=31279.3
WARNING z8-00344649-05: masking spot 1407 at x=1142.89 y=2262.39 with large chi2 = 32243.2>31277.5+0*1412.83=31277.5
WARNING z8-00344649-05: masking spot 1408 at x=1150.05 y=2261.89 with large chi2 = 31826.2>31294.9+0*1422.01=31294.9
WARNING z8-00344649-05: masking spot 1412 at x=1179.09 y=2259.99 with large chi2 = 32687.2>31259+0*1397.07=31259
WARNING z8-00344649-05: masking spot 1413 at x=1186.31 y=2259.49 with large chi2 = 31587.6>31304.8+0*1424.85=31304.8
WARNING z8-00344649-05: masking spot 1414 at x=1193.63 y=2259.07 with large chi2 = 33317.6>31232.7+0*1363.65=31232.7
WARNING z8-00344649-05: masking spot 1415 at x=1200.79 y=2258.62 with large chi2 = 31855.7>31293.6+0*1421.54=31293.6
WARNING z8-00344649-05: masking spot 1416 at x=1208.1 y=2258.16 with large chi2 = 32723.3>31257.5+0*1395.51=31257.5
WARNING z8-00344649-05: masking spot 1418 at x=1222.56 y=2257.23 with large chi2 = 31662>31301.7+0*1424.15=31301.7
WARNING z8-00344649-05: masking spot 1419 at x=1229.83 y=2256.77 with large chi2 = 32396.6>31271.1+0*1408.09=31271.1
WARNING z8-00344649-05: masking spot 1420 at x=1237.06 y=2256.34 with large chi2 = 33223.7>31236.6+0*1369.48=31236.6
WARNING z8-00344649-05: masking spot 1421 at x=1244.33 y=2255.94 with large chi2 = 32259.1>31276.8+0*1412.38=31276.8
WARNING z8-00344649-05: masking spot 1426 at x=1099.18 y=2336.75 with large chi2 = 151.826>140.263+0*22.527=140.263
WARNING z8-00344649-05: masking spot 1428 at x=1113.62 y=2335.75 with large chi2 = 150.845>140.303+0*22.547=140.303
WARNING z8-00344649-05: masking spot 1429 at x=1120.94 y=2335.22 with large chi2 = 154.888>140.135+0*22.4524=140.135
WARNING z8-00344649-05: masking spot 1430 at x=1128.16 y=2334.77 with large chi2 = 161.246>139.87+0*22.2382=139.87
WARNING z8-00344649-05: masking spot 1432 at x=1142.74 y=2333.79 with large chi2 = 145.719>140.517+0*22.6215=140.517
WARNING z8-00344649-05: masking spot 1438 at x=1186.16 y=2330.85 with large chi2 = 170.268>139.494+0*21.793=139.494
WARNING z8-00344649-05: masking spot 1441 at x=1207.96 y=2329.51 with large chi2 = 192.069>138.586+0*19.9599=138.586
WARNING z8-00344649-05: masking spot 1443 at x=1222.42 y=2328.57 with large chi2 = 161.132>139.875+0*22.2427=139.875
WARNING z8-00344649-05: masking spot 1445 at x=1236.92 y=2327.68 with large chi2 = 187.782>138.764+0*20.4133=138.764
WARNING z8-00344649-05: masking spot 1446 at x=1244.2 y=2327.26 with large chi2 = 152.321>140.242+0*22.5162=140.242
WARNING z8-00344649-05: masking spot 1447 at x=1251.45 y=2326.81 with large chi2 = 157.313>140.034+0*22.3802=140.034
WARNING z8-00344649-05: masking spot 1451 at x=1098.86 y=2451.32 with large chi2 = 23592>20050.7+0*3425.08=20050.7
WARNING z8-00344649-05: masking spot 1453 at x=1113.31 y=2450.29 with large chi2 = 24086.9>20030.1+0*3402.13=20030.1
WARNING z8-00344649-05: masking spot 1455 at x=1127.85 y=2449.31 with large chi2 = 21776.1>20126.4+0*3481.94=20126.4
WARNING z8-00344649-05: masking spot 1457 at x=1142.43 y=2448.3 with large chi2 = 24288.5>20021.7+0*3391.83=20021.7
WARNING z8-00344649-05: masking spot 1461 at x=1171.38 y=2446.34 with large chi2 = 22746.2>20086+0*3456.83=20086
WARNING z8-00344649-05: masking spot 1463 at x=1185.87 y=2445.32 with large chi2 = 24223.5>20024.4+0*3395.22=20024.4
WARNING z8-00344649-05: masking spot 1465 at x=1200.36 y=2444.42 with large chi2 = 25728.5>19961.7+0*3301.9=19961.7
WARNING z8-00344649-05: masking spot 1467 at x=1214.88 y=2443.48 with large chi2 = 25678.1>19963.8+0*3305.55=19963.8
WARNING z8-00344649-05: masking spot 1470 at x=1236.64 y=2442.1 with large chi2 = 22141.8>20111.1+0*3473.88=20111.1
WARNING z8-00344649-05: masking spot 1472 at x=1251.17 y=2441.21 with large chi2 = 22735.5>20086.4+0*3457.18=20086.4
WARNING z8-00344649-05: masking spot 1474 at x=1265.58 y=2440.35 with large chi2 = 22966.1>20076.8+0*3449.47=20076.8
WARNING z8-00344649-05: masking spot 1475 at x=1091.5 y=2487.78 with large chi2 = 5333.92>5051.93+0*253.001=5051.93
WARNING z8-00344649-05: masking spot 1478 at x=1113.19 y=2486.24 with large chi2 = 5082.96>5062.38+0*259.178=5062.38
WARNING z8-00344649-05: masking spot 1479 at x=1120.52 y=2485.7 with large chi2 = 5141.11>5059.96+0*258.702=5059.96
WARNING z8-00344649-05: masking spot 1482 at x=1142.32 y=2484.24 with large chi2 = 5151.47>5059.53+0*258.558=5059.53
WARNING z8-00344649-05: masking spot 1483 at x=1149.48 y=2483.72 with large chi2 = 5247.24>5055.54+0*256.36=5055.54
WARNING z8-00344649-05: masking spot 1487 at x=1178.54 y=2481.77 with large chi2 = 5528.98>5043.8+0*240.362=5043.8
WARNING z8-00344649-05: masking spot 1488 at x=1185.76 y=2481.25 with large chi2 = 5200.55>5057.48+0*257.627=5057.48
WARNING z8-00344649-05: masking spot 1489 at x=1193.09 y=2480.81 with large chi2 = 5428.32>5047.99+0*247.799=5047.99
WARNING z8-00344649-05: masking spot 1490 at x=1200.25 y=2480.34 with large chi2 = 5145.4>5059.78+0*258.644=5059.78
WARNING z8-00344649-05: masking spot 1491 at x=1207.57 y=2479.87 with large chi2 = 5286.47>5053.9+0*255.003=5053.9
WARNING z8-00344649-05: masking spot 1492 at x=1214.77 y=2479.39 with large chi2 = 5106.74>5061.39+0*259.052=5061.39
WARNING z8-00344649-05: masking spot 1493 at x=1222.03 y=2478.92 with large chi2 = 5209.64>5057.11+0*257.409=5057.11
WARNING z8-00344649-05: masking spot 1494 at x=1229.32 y=2478.44 with large chi2 = 5205.02>5057.3+0*257.521=5057.3
WARNING z8-00344649-05: masking spot 1495 at x=1236.54 y=2478 with large chi2 = 5422.34>5048.24+0*248.178=5048.24
WARNING z8-00344649-05: masking spot 1500 at x=1090.9 y=2645.01 with large chi2 = 8057.72>7677.27+0*388.317=7677.27
WARNING z8-00344649-05: masking spot 1501 at x=1098.15 y=2644.48 with large chi2 = 7883.06>7684.55+0*393.705=7684.55
WARNING z8-00344649-05: masking spot 1503 at x=1112.6 y=2643.43 with large chi2 = 8118.47>7674.74+0*385.622=7674.74
WARNING z8-00344649-05: masking spot 1504 at x=1119.94 y=2642.88 with large chi2 = 7722.45>7691.24+0*395.653=7691.24
WARNING z8-00344649-05: masking spot 1507 at x=1141.75 y=2641.39 with large chi2 = 7786.1>7688.58+0*395.221=7688.58
WARNING z8-00344649-05: masking spot 1512 at x=1177.99 y=2638.87 with large chi2 = 8201.01>7671.3+0*381.256=7671.3
WARNING z8-00344649-05: masking spot 1513 at x=1185.21 y=2638.34 with large chi2 = 7754.64>7689.9+0*395.49=7689.9
WARNING z8-00344649-05: masking spot 1514 at x=1192.54 y=2637.9 with large chi2 = 8256.97>7668.97+0*377.823=7668.97
WARNING z8-00344649-05: masking spot 1515 at x=1199.71 y=2637.41 with large chi2 = 7786.7>7688.56+0*395.215=7688.56
WARNING z8-00344649-05: masking spot 1516 at x=1207.03 y=2636.94 with large chi2 = 8049.22>7677.62+0*388.66=7677.62
WARNING z8-00344649-05: masking spot 1518 at x=1221.5 y=2635.96 with large chi2 = 7953.93>7681.59+0*391.936=7681.59
WARNING z8-00344649-05: masking spot 1519 at x=1228.81 y=2635.47 with large chi2 = 7902.73>7683.73+0*393.271=7683.73
WARNING z8-00344649-05: masking spot 1520 at x=1236.02 y=2635.03 with large chi2 = 8133.94>7674.09+0*384.866=7674.09
WARNING z8-00344649-05: masking spot 1521 at x=1243.31 y=2634.59 with large chi2 = 7963.03>7681.21+0*391.667=7681.21
WARNING z8-00344649-05: masking spot 1525 at x=1089.96 y=2844.64 with large chi2 = 10382.2>10052.8+0*502.187=10052.8
WARNING z8-00344649-05: masking spot 1526 at x=1097.21 y=2844.1 with large chi2 = 10071.5>10065.8+0*506.487=10065.8
WARNING z8-00344649-05: masking spot 1528 at x=1111.68 y=2843.03 with large chi2 = 10331.9>10054.9+0*503.45=10054.9
WARNING z8-00344649-05: masking spot 1529 at x=1119.03 y=2842.48 with large chi2 = 10454.9>10049.8+0*499.968=10049.8
WARNING z8-00344649-05: masking spot 1532 at x=1140.85 y=2840.95 with large chi2 = 10231.2>10059.1+0*505.318=10059.1
WARNING z8-00344649-05: masking spot 1533 at x=1148.02 y=2840.39 with large chi2 = 10128.9>10063.4+0*506.319=10063.4
WARNING z8-00344649-05: masking spot 1537 at x=1177.11 y=2838.37 with large chi2 = 10658.9>10041.3+0*491.196=10041.3
WARNING z8-00344649-05: masking spot 1539 at x=1191.68 y=2837.38 with large chi2 = 10732.1>10038.2+0*487.107=10038.2
WARNING z8-00344649-05: masking spot 1540 at x=1198.86 y=2836.88 with large chi2 = 10237.3>10058.9+0*505.229=10058.9
WARNING z8-00344649-05: masking spot 1541 at x=1206.19 y=2836.39 with large chi2 = 10549.5>10045.9+0*496.372=10045.9
WARNING z8-00344649-05: masking spot 1543 at x=1220.68 y=2835.39 with large chi2 = 10361.6>10053.7+0*502.731=10053.7
WARNING z8-00344649-05: masking spot 1544 at x=1227.98 y=2834.88 with large chi2 = 10459.3>10049.6+0*499.816=10049.6
WARNING z8-00344649-05: masking spot 1545 at x=1235.2 y=2834.43 with large chi2 = 10823.3>10034.4+0*481.287=10034.4
WARNING z8-00344649-05: masking spot 1546 at x=1242.5 y=2833.97 with large chi2 = 10530.9>10046.6+0*497.14=10046.6
WARNING z8-00344649-05: masking spot 1550 at x=1089.92 y=2852.98 with large chi2 = 219.934>219.652+0*21.5873=219.652
WARNING z8-00344649-05: masking spot 1551 at x=1097.17 y=2852.45 with large chi2 = 222.126>219.561+0*21.5812=219.561
WARNING z8-00344649-05: masking spot 1553 at x=1111.64 y=2851.38 with large chi2 = 239.772>218.826+0*21.1769=218.826
WARNING z8-00344649-05: masking spot 1554 at x=1118.98 y=2850.82 with large chi2 = 222.881>219.53+0*21.5769=219.53
WARNING z8-00344649-05: masking spot 1555 at x=1126.21 y=2850.34 with large chi2 = 223.584>219.5+0*21.5719=219.5
WARNING z8-00344649-05: masking spot 1557 at x=1140.81 y=2849.29 with large chi2 = 239.538>218.836+0*21.1866=218.836
WARNING z8-00344649-05: masking spot 1558 at x=1147.98 y=2848.74 with large chi2 = 251.674>218.33+0*20.5314=218.33
WARNING z8-00344649-05: masking spot 1563 at x=1184.31 y=2846.17 with large chi2 = 236.303>218.97+0*21.3072=218.97
WARNING z8-00344649-05: masking spot 1564 at x=1191.64 y=2845.72 with large chi2 = 231.173>219.184+0*21.4538=219.184
WARNING z8-00344649-05: masking spot 1566 at x=1206.15 y=2844.73 with large chi2 = 257.271>218.097+0*20.1154=218.097
WARNING z8-00344649-05: masking spot 1567 at x=1213.35 y=2844.22 with large chi2 = 238.028>218.899+0*21.2456=218.899
WARNING z8-00344649-05: masking spot 1569 at x=1227.94 y=2843.22 with large chi2 = 249.412>218.424+0*20.6786=218.424
WARNING z8-00344649-05: masking spot 1570 at x=1235.16 y=2842.77 with large chi2 = 223.924>219.486+0*21.5691=219.486
WARNING z8-00344649-05: masking spot 1572 at x=1249.71 y=2841.84 with large chi2 = 220.344>219.635+0*21.5869=219.635
WARNING z8-00344649-05: masking spot 1575 at x=1087.86 y=3211.71 with large chi2 = 189.32>167.532+0*17.3206=167.532
WARNING z8-00344649-05: masking spot 1578 at x=1109.63 y=3210.09 with large chi2 = 171.48>168.276+0*17.8488=168.276
WARNING z8-00344649-05: masking spot 1579 at x=1116.98 y=3209.53 with large chi2 = 183.928>167.757+0*17.565=167.757
WARNING z8-00344649-05: masking spot 1580 at x=1124.23 y=3209 with large chi2 = 176.97>168.047+0*17.7709=168.047
WARNING z8-00344649-05: masking spot 1583 at x=1146.03 y=3207.35 with large chi2 = 170.447>168.319+0*17.8552=168.319
WARNING z8-00344649-05: masking spot 1587 at x=1175.16 y=3205.29 with large chi2 = 174.342>168.156+0*17.8174=168.156
WARNING z8-00344649-05: masking spot 1589 at x=1189.76 y=3204.25 with large chi2 = 201.44>167.027+0*16.4809=167.027
WARNING z8-00344649-05: masking spot 1591 at x=1204.3 y=3203.23 with large chi2 = 182.43>167.819+0*17.6196=167.819
WARNING z8-00344649-05: masking spot 1595 at x=1233.36 y=3201.19 with large chi2 = 208.114>166.749+0*15.8287=166.749
WARNING z8-00344649-05: masking spot 1596 at x=1240.65 y=3200.69 with large chi2 = 181.853>167.843+0*17.6391=167.843
WARNING z8-00344649-05: masking spot 1597 at x=1247.91 y=3200.25 with large chi2 = 189.343>167.531+0*17.3194=167.531
WARNING z8-00344649-05: masking spot 1600 at x=1086.36 y=3455.82 with large chi2 = 290.028>285.455+0*22.2163=285.455
WARNING z8-00344649-05: masking spot 1601 at x=1093.64 y=3455.23 with large chi2 = 299.055>285.079+0*22.0587=285.079
WARNING z8-00344649-05: masking spot 1602 at x=1100.87 y=3454.78 with large chi2 = 290.013>285.456+0*22.2164=285.456
WARNING z8-00344649-05: masking spot 1603 at x=1108.16 y=3454.21 with large chi2 = 302.167>284.949+0*21.9669=284.949
WARNING z8-00344649-05: masking spot 1606 at x=1130.07 y=3452.48 with large chi2 = 293.762>285.3+0*22.1706=285.3
WARNING z8-00344649-05: masking spot 1607 at x=1137.38 y=3452 with large chi2 = 291.028>285.413+0*22.2067=285.413
WARNING z8-00344649-05: masking spot 1608 at x=1144.59 y=3451.43 with large chi2 = 305.188>284.823+0*21.8589=284.823
WARNING z8-00344649-05: masking spot 1612 at x=1173.75 y=3449.35 with large chi2 = 294.428>285.272+0*22.1596=285.272
WARNING z8-00344649-05: masking spot 1614 at x=1188.36 y=3448.28 with large chi2 = 317.531>284.309+0*21.2192=284.309
WARNING z8-00344649-05: masking spot 1615 at x=1195.58 y=3447.81 with large chi2 = 300.508>285.018+0*22.0182=285.018
WARNING z8-00344649-05: masking spot 1616 at x=1202.93 y=3447.25 with large chi2 = 329.761>283.8+0*20.246=283.8
WARNING z8-00344649-05: masking spot 1620 at x=1232.02 y=3445.18 with large chi2 = 285.832>285.63+0*22.2351=285.63
WARNING z8-00344649-05: masking spot 1621 at x=1239.32 y=3444.65 with large chi2 = 315.134>284.409+0*21.3691=284.409
WARNING z8-00344649-05: masking spot 1622 at x=1246.58 y=3444.24 with large chi2 = 293.76>285.3+0*22.1706=285.3
WARNING z8-00344649-05: masking spot 1630 at x=1121.04 y=3760.45 with large chi2 = 90.373>76.1173+0*10.5742=76.1173
WARNING z8-00344649-05: masking spot 1631 at x=1128.33 y=3759.85 with large chi2 = 80.0198>76.5487+0*10.9298=76.5487
WARNING z8-00344649-05: masking spot 1632 at x=1135.65 y=3759.34 with large chi2 = 84.8515>76.3474+0*10.8189=76.3474
WARNING z8-00344649-05: masking spot 1633 at x=1142.88 y=3758.78 with large chi2 = 80.2281>76.54+0*10.9269=76.54
WARNING z8-00344649-05: masking spot 1638 at x=1179.36 y=3756.09 with large chi2 = 83.735>76.3939+0*10.8529=76.3939
WARNING z8-00344649-05: masking spot 1639 at x=1186.69 y=3755.58 with large chi2 = 91.7109>76.0616+0*10.495=76.0616
WARNING z8-00344649-05: masking spot 1640 at x=1193.91 y=3755.12 with large chi2 = 78.1638>76.626+0*10.9475=76.626
WARNING z8-00344649-05: masking spot 1641 at x=1201.28 y=3754.55 with large chi2 = 84.9212>76.3445+0*10.8166=76.3445
WARNING z8-00344649-05: masking spot 1643 at x=1215.83 y=3753.47 with large chi2 = 81.3334>76.4939+0*10.909=76.4939
WARNING z8-00344649-05: masking spot 1644 at x=1223.12 y=3752.92 with large chi2 = 91.4174>76.0738+0*10.5131=76.0738
WARNING z8-00344649-05: masking spot 1645 at x=1230.41 y=3752.46 with large chi2 = 95.2345>75.9147+0*10.2475=75.9147
WARNING z8-00344649-05: masking spot 1646 at x=1237.7 y=3751.94 with large chi2 = 79.6067>76.5659+0*10.9349=76.5659
WARNING z8-00344649-05: masking spot 1647 at x=1244.99 y=3751.53 with large chi2 = 84.6111>76.3574+0*10.8267=76.3574
WARNING z8-00344649-05: masking spot 1650 at x=1084.29 y=3822.46 with large chi2 = 73.4908>68.315+0*10.2085=68.315
WARNING z8-00344649-05: masking spot 1658 at x=1142.58 y=3818.02 with large chi2 = 81.2>67.9938+0*9.91509=67.9938
WARNING z8-00344649-05: masking spot 1659 at x=1149.88 y=3817.44 with large chi2 = 68.7202>68.5137+0*10.2608=68.5137
WARNING z8-00344649-05: masking spot 1660 at x=1157.13 y=3816.98 with large chi2 = 73.9927>68.2941+0*10.1974=68.2941
WARNING z8-00344649-05: masking spot 1661 at x=1164.51 y=3816.43 with large chi2 = 77.5303>68.1467+0*10.0878=68.1467
WARNING z8-00344649-05: masking spot 1662 at x=1171.78 y=3815.9 with large chi2 = 89.2625>67.6578+0*9.3067=67.6578
WARNING z8-00344649-05: masking spot 1663 at x=1179.06 y=3815.33 with large chi2 = 80.0536>68.0415+0*9.97565=68.0415
WARNING z8-00344649-05: masking spot 1664 at x=1186.39 y=3814.82 with large chi2 = 73.1676>68.3284+0*10.2151=68.3284
WARNING z8-00344649-05: masking spot 1666 at x=1200.98 y=3813.79 with large chi2 = 78.7417>68.0962+0*10.0375=68.0962
WARNING z8-00344649-05: masking spot 1667 at x=1208.17 y=3813.25 with large chi2 = 70.9838>68.4194+0*10.248=68.4194
WARNING z8-00344649-05: masking spot 1670 at x=1230.12 y=3811.71 with large chi2 = 69.9634>68.4619+0*10.2565=68.4619
WARNING z8-00344649-05: masking spot 1671 at x=1237.42 y=3811.19 with large chi2 = 70.0126>68.4599+0*10.2562=68.4599
WARNING z8-00344649-05: masking spot 1673 at x=1252.01 y=3810.25 with large chi2 = 83.1422>67.9128+0*9.79836=67.9128
WARNING z8-00344649-05: masking spot 1675 at x=1083.63 y=3970.27 with large chi2 = 11121.9>10694.3+0*495.549=10694.3
WARNING z8-00344649-05: masking spot 1676 at x=1090.91 y=3969.66 with large chi2 = 11036.6>10697.9+0*498.289=10697.9
WARNING z8-00344649-05: masking spot 1678 at x=1105.39 y=3968.56 with large chi2 = 10900.9>10703.5+0*501.321=10703.5
WARNING z8-00344649-05: masking spot 1679 at x=1112.79 y=3967.98 with large chi2 = 10977.1>10700.3+0*499.818=10700.3
WARNING z8-00344649-05: masking spot 1682 at x=1134.69 y=3966.35 with large chi2 = 11163.8>10692.6+0*493.962=10692.6
WARNING z8-00344649-05: masking spot 1683 at x=1141.91 y=3965.79 with large chi2 = 10762.4>10709.3+0*502.761=10709.3
WARNING z8-00344649-05: masking spot 1685 at x=1156.47 y=3964.71 with large chi2 = 10817.6>10707+0*502.386=10707
WARNING z8-00344649-05: masking spot 1687 at x=1171.12 y=3963.64 with large chi2 = 11079.6>10696.1+0*496.989=10696.1
WARNING z8-00344649-05: masking spot 1688 at x=1178.4 y=3963.07 with large chi2 = 10804>10707.6+0*502.503=10707.6
WARNING z8-00344649-05: masking spot 1689 at x=1185.72 y=3962.58 with large chi2 = 11175.9>10692.1+0*493.474=10692.1
WARNING z8-00344649-05: masking spot 1690 at x=1192.93 y=3962.07 with large chi2 = 10787.3>10708.3+0*502.625=10708.3
WARNING z8-00344649-05: masking spot 1691 at x=1200.31 y=3961.54 with large chi2 = 11203.5>10690.9+0*492.311=10690.9
WARNING z8-00344649-05: masking spot 1693 at x=1214.86 y=3960.5 with large chi2 = 10832.2>10706.4+0*502.243=10706.4
WARNING z8-00344649-05: masking spot 1694 at x=1222.21 y=3959.97 with large chi2 = 10983.2>10700.1+0*499.675=10700.1
WARNING z8-00344649-05: masking spot 1695 at x=1229.47 y=3959.49 with large chi2 = 11210.9>10690.6+0*491.987=10690.6
WARNING z8-00344649-05: masking spot 1696 at x=1236.78 y=3958.99 with large chi2 = 11214.2>10690.5+0*491.841=10690.5
INFO z8-00344649-05: C++ SPOT SELECTION: Starting first pass. Input spots: 1700
INFO z8-00344649-05: C++ SPOT SELECTION: Finished first pass. Surviving spots: 1700
INFO z8-00344649-05: C++ SPOT SELECTION: First pass survivors: 703
INFO z8-00344649-05: selected 703 spots out of 1700 with S/N>3 and min dist = 0 A
INFO z8-00344649-05:   with a max. number of lines of 200 (approximately) and keeping neighboring blended lines within 5A and avoiding gaps larger than 300 A
INFO z8-00344649-05: C++ SPOT SELECTION: Final selected spots: 703
INFO z8-00344649-05:   Written 703 spots to /pscratch/sd/c/cdwarner/specex/current-fit-psf-z8-00344649_05.cppspots_pass4.txt
INFO z8-00344649-05: Starting FitSeveralSpots TAIL&CONTINUUM
INFO z8-00344649-05: WEIGHTS: Set weight to ZERO at the CORE of spots (to fit tails or continuum)
INFO z8-00344649-05: specex::PSF_Fitter::FitSeveralSpots inc. signal in w=0, npix footprint = 645183
INFO z8-00344649-05: specex::PSF_Fitter::FitSeveralSpots dchi2=0 chi2pdf = 11.7321 npar = 3
INFO specex::PSF_Fitter::FitSeveralSpots successful fit of +continuum chi2= 7.56929e+06 niter=1
INFO z8-00344649-05: continuum amplitude, 5.03912
INFO z8-00344649-05: Starting FitSeveralSpots PSF+FLUX #1
INFO z8-00344649-05: specex::PSF_Fitter::FitSeveralSpots inc. signal in w=0, npix footprint = 83402
INFO z8-00344649-05: specex::PSF_Fitter::FitSeveralSpots dchi2=16703.5 chi2pdf = 42.461 npar = 991
INFO z8-00344649-05: specex::PSF_Fitter::FitSeveralSpots dchi2=1048.73 chi2pdf = 42.4482 npar = 991
INFO z8-00344649-05: specex::PSF_Fitter::FitSeveralSpots dchi2=67.2657 chi2pdf = 42.4474 npar = 991
INFO z8-00344649-05: specex::PSF_Fitter::FitSeveralSpots dchi2=1.40986 chi2pdf = 42.4474 npar = 991
INFO z8-00344649-05: specex::PSF_Fitter::FitSeveralSpots dchi2=0.00373422 chi2pdf = 42.4474 npar = 991
INFO specex::PSF_Fitter::FitSeveralSpots successful fit of +flux+psf chi2= 3.49813e+06 niter=5
INFO z8-00344649-05: Starting FitSeveralSpots TAIL&CONTINUUM
INFO z8-00344649-05: WEIGHTS: Set weight to ZERO at the CORE of spots (to fit tails or continuum)
INFO z8-00344649-05: specex::PSF_Fitter::FitSeveralSpots inc. signal in w=0, npix footprint = 645183
INFO z8-00344649-05: specex::PSF_Fitter::FitSeveralSpots dchi2=0 chi2pdf = 11.7266 npar = 3
INFO specex::PSF_Fitter::FitSeveralSpots successful fit of +continuum chi2= 7.5658e+06 niter=1
INFO z8-00344649-05: continuum amplitude, 5.03912
INFO z8-00344649-05: Starting FitSeveralSpots PSF #2
INFO z8-00344649-05: specex::PSF_Fitter::FitSeveralSpots inc. signal in w=0, npix footprint = 83402
INFO z8-00344649-05: specex::PSF_Fitter::FitSeveralSpots dchi2=4.70318e-07 chi2pdf = 42.0884 npar = 288
INFO specex::PSF_Fitter::FitSeveralSpots successful fit of +psf chi2= 3.49813e+06 niter=1
INFO z8-00344649-05: Starting FitSeveralSpots PSF+FLUX #2
INFO z8-00344649-05: specex::PSF_Fitter::FitSeveralSpots inc. signal in w=0, npix footprint = 83402
INFO z8-00344649-05: specex::PSF_Fitter::FitSeveralSpots dchi2=4.82891e-07 chi2pdf = 42.4474 npar = 991
INFO specex::PSF_Fitter::FitSeveralSpots successful fit of +flux+psf chi2= 3.49813e+06 niter=1
INFO z8-00344649-05: Bundle 5 PSF fit status   = 0
INFO z8-00344649-05: Bundle 5 PSF fit chi2/ndf = 3.49813e+06/82411 = 42.4474
INFO z8-00344649-05: Bundle 5 PSF fit ndata    = 83402
INFO z8-00344649-05: Bundle 5 PSF fit nspots   = 703
INFO z8-00344649-05: Bundle 5 PSF fit chi2/ndata (core) = 126351/16995 = 7.43459
INFO z8-00344649-05: prepare XTRACE
INFO z8-00344649-05: write YTRACE
INFO z8-00344649-05: load PSF
INFO z8-00344649-05: loaded [x,y]trace and PSF
